station,valid,lon,lat,alti,mslp,tmpf,sknt,gust,drct,p01i
WMC,2023-03-10 00:56,-117.8072,40.9019,29.76,1008.40,41.00,3.00,M,M,0.00
WMC,2023-03-10 01:56,-117.8072,40.9019,29.74,1007.30,45.00,7.00,17.00,210.00,0.00
WMC,2023-03-10 02:56,-117.8072,40.9019,29.72,1007.30,41.00,12.00,19.00,190.00,T
WMC,2023-03-10 03:56,-117.8072,40.9019,29.67,1005.50,38.00,23.00,36.00,160.00,T
WMC,2023-03-10 04:56,-117.8072,40.9019,29.66,1004.60,38.00,20.00,30.00,150.00,T
WMC,2023-03-10 05:56,-117.8072,40.9019,29.66,1003.90,41.00,19.00,28.00,150.00,T
WMC,2023-03-10 06:08,-117.8072,40.9019,29.65,M,40.00,17.00,27.00,160.00,0.00
WMC,2023-03-10 06:32,-117.8072,40.9019,29.63,M,41.00,21.00,34.00,160.00,0.00
WMC,2023-03-10 06:56,-117.8072,40.9019,29.64,1002.80,41.00,22.00,32.00,160.00,0.00
WMC,2023-03-10 07:31,-117.8072,40.9019,29.61,M,41.00,20.00,33.00,150.00,0.00
WMC,2023-03-10 07:53,-117.8072,40.9019,29.59,M,39.20,24.00,33.00,170.00,0.00
WMC,2023-03-10 07:56,-117.8072,40.9019,29.59,1001.10,39.00,24.00,34.00,170.00,0.00
WMC,2023-03-10 08:56,-117.8072,40.9019,29.57,1000.10,43.00,26.00,35.00,150.00,0.00
WMC,2023-03-10 09:56,-117.8072,40.9019,29.53,998.60,45.00,19.00,27.00,150.00,0.00
WMC,2023-03-10 10:56,-117.8072,40.9019,29.47,997.00,43.00,23.00,32.00,180.00,T
WMC,2023-03-10 11:56,-117.8072,40.9019,29.52,998.70,42.00,7.00,M,160.00,0.07
WMC,2023-03-10 12:56,-117.8072,40.9019,29.49,997.50,45.00,16.00,27.00,190.00,0.01
WMC,2023-03-10 13:56,-117.8072,40.9019,29.45,995.70,47.00,21.00,34.00,190.00,T
WMC,2023-03-10 14:56,-117.8072,40.9019,29.44,995.70,49.00,22.00,42.00,190.00,T
WMC,2023-03-10 15:56,-117.8072,40.9019,29.45,995.80,51.00,30.00,44.00,200.00,0.00
WMC,2023-03-10 16:56,-117.8072,40.9019,29.45,996.00,52.00,30.00,45.00,190.00,T
WMC,2023-03-10 17:34,-117.8072,40.9019,29.54,M,39.00,25.00,36.00,270.00,T
WMC,2023-03-10 17:40,-117.8072,40.9019,29.56,M,38.00,19.00,38.00,280.00,T
WMC,2023-03-10 17:47,-117.8072,40.9019,29.56,M,37.00,22.00,35.00,290.00,T
WMC,2023-03-10 17:56,-117.8072,40.9019,29.59,1001.80,35.00,14.00,26.00,260.00,0.01
WMC,2023-03-10 18:05,-117.8072,40.9019,29.60,M,35.00,11.00,19.00,250.00,0.03
WMC,2023-03-10 18:18,-117.8072,40.9019,29.61,M,35.00,13.00,23.00,250.00,0.04
WMC,2023-03-10 18:28,-117.8072,40.9019,29.61,M,35.00,11.00,20.00,260.00,0.05
WMC,2023-03-10 18:56,-117.8072,40.9019,29.63,1003.20,36.00,12.00,19.00,280.00,0.05
WMC,2023-03-10 19:34,-117.8072,40.9019,29.65,M,39.00,8.00,M,270.00,0.01
WMC,2023-03-10 19:56,-117.8072,40.9019,29.66,1003.90,40.00,7.00,M,270.00,0.01
WMC,2023-03-10 20:56,-117.8072,40.9019,29.68,1004.20,44.00,16.00,24.00,250.00,0.00
WMC,2023-03-10 21:56,-117.8072,40.9019,29.69,1003.90,48.00,21.00,31.00,250.00,0.00
WMC,2023-03-10 22:56,-117.8072,40.9019,29.70,1004.60,47.00,18.00,26.00,270.00,0.00
WMC,2023-03-10 23:56,-117.8072,40.9019,29.72,1005.10,47.00,16.00,25.00,270.00,0.00
WMC,2023-03-11 00:56,-117.8072,40.9019,29.74,1006.10,45.00,13.00,21.00,270.00,0.00
WMC,2023-03-11 01:56,-117.8072,40.9019,29.76,1007.00,40.00,7.00,M,260.00,0.00
WMC,2023-03-11 02:56,-117.8072,40.9019,29.80,1008.70,32.00,0.00,M,0.00,0.00
WMC,2023-03-11 03:56,-117.8072,40.9019,29.83,1009.60,32.00,3.00,M,M,0.00
WMC,2023-03-11 04:56,-117.8072,40.9019,29.85,1010.20,33.00,4.00,M,210.00,0.00
WMC,2023-03-11 05:56,-117.8072,40.9019,29.87,1012.30,32.00,4.00,M,10.00,0.00
WMC,2023-03-11 06:56,-117.8072,40.9019,29.88,1013.30,26.10,0.00,M,0.00,0.00
WMC,2023-03-11 07:56,-117.8072,40.9019,29.89,1013.30,24.10,5.00,M,340.00,0.00
WMC,2023-03-11 08:56,-117.8072,40.9019,29.90,1013.30,25.00,5.00,M,140.00,0.00
WMC,2023-03-11 09:56,-117.8072,40.9019,29.91,1013.50,21.00,0.00,M,0.00,0.00
WMC,2023-03-11 10:56,-117.8072,40.9019,29.91,1013.80,19.00,3.00,M,190.00,0.00
WMC,2023-03-11 11:56,-117.8072,40.9019,29.91,1013.50,21.90,3.00,M,70.00,0.00
WMC,2023-03-11 12:56,-117.8072,40.9019,29.92,1014.10,21.00,6.00,M,80.00,0.00
WMC,2023-03-11 13:56,-117.8072,40.9019,29.92,1014.60,23.00,3.00,M,100.00,0.00
WMC,2023-03-11 14:56,-117.8072,40.9019,29.94,1015.70,24.10,0.00,M,0.00,0.00
WMC,2023-03-11 15:56,-117.8072,40.9019,29.95,1015.40,32.00,4.00,M,80.00,0.00
WMC,2023-03-11 16:56,-117.8072,40.9019,29.95,1014.90,37.00,0.00,M,0.00,0.00
WMC,2023-03-11 17:56,-117.8072,40.9019,29.95,1014.50,41.00,3.00,M,M,0.00
WMC,2023-03-11 18:56,-117.8072,40.9019,29.95,1014.80,43.00,7.00,M,220.00,0.00
WMC,2023-03-11 19:56,-117.8072,40.9019,29.94,1014.70,43.00,10.00,M,180.00,0.00
WMC,2023-03-11 20:56,-117.8072,40.9019,29.92,1014.10,44.00,9.00,M,200.00,0.00
WMC,2023-03-11 21:56,-117.8072,40.9019,29.92,1014.60,42.00,10.00,M,180.00,T
WMC,2023-03-11 22:06,-117.8072,40.9019,29.93,M,40.00,7.00,M,190.00,T
WMC,2023-03-11 22:56,-117.8072,40.9019,29.93,1015.40,38.00,4.00,M,200.00,0.02
WMC,2023-03-11 23:23,-117.8072,40.9019,29.93,M,38.00,4.00,M,220.00,0.02
WMC,2023-03-11 23:37,-117.8072,40.9019,29.93,M,38.00,3.00,M,210.00,0.03
WMC,2023-03-11 23:44,-117.8072,40.9019,29.93,M,38.00,3.00,M,220.00,0.04
WMC,2023-03-11 23:56,-117.8072,40.9019,29.92,1014.90,38.00,3.00,M,190.00,0.05
WMC,2023-03-12 00:56,-117.8072,40.9019,29.92,1014.80,39.00,6.00,M,180.00,T
WMC,2023-03-12 01:56,-117.8072,40.9019,29.92,1014.50,38.00,5.00,M,190.00,0.01
WMC,2023-03-12 02:27,-117.8072,40.9019,29.91,M,38.00,0.00,M,0.00,0.00
WMC,2023-03-12 02:42,-117.8072,40.9019,29.92,M,38.00,3.00,M,90.00,T
WMC,2023-03-12 02:56,-117.8072,40.9019,29.92,1014.60,38.00,3.00,M,M,T
WMC,2023-03-12 03:04,-117.8072,40.9019,29.92,M,38.00,5.00,M,150.00,0.01
WMC,2023-03-12 03:56,-117.8072,40.9019,29.92,1014.10,37.00,3.00,M,50.00,0.07
WMC,2023-03-12 04:56,-117.8072,40.9019,29.93,1014.00,37.00,5.00,M,30.00,0.01
WMC,2023-03-12 05:56,-117.8072,40.9019,29.94,1013.90,37.00,0.00,M,0.00,0.01
WMC,2023-03-12 06:04,-117.8072,40.9019,29.94,M,37.00,4.00,M,30.00,0.01
WMC,2023-03-12 06:56,-117.8072,40.9019,29.95,1014.00,37.00,0.00,M,0.00,0.03
WMC,2023-03-12 07:56,-117.8072,40.9019,29.95,1014.10,38.00,5.00,M,280.00,0.05
WMC,2023-03-12 08:56,-117.8072,40.9019,29.96,1014.20,39.00,4.00,M,200.00,0.01
WMC,2023-03-12 09:56,-117.8072,40.9019,29.97,1014.60,40.00,5.00,M,220.00,T
WMC,2023-03-12 10:15,-117.8072,40.9019,29.96,M,40.00,5.00,M,190.00,T
WMC,2023-03-12 10:37,-117.8072,40.9019,29.97,M,40.00,7.00,M,230.00,0.01
WMC,2023-03-12 10:56,-117.8072,40.9019,29.96,1014.80,40.00,5.00,M,210.00,0.01
WMC,2023-03-12 11:56,-117.8072,40.9019,29.97,1014.90,40.00,6.00,M,190.00,0.02
WMC,2023-03-12 12:56,-117.8072,40.9019,29.97,1015.10,39.00,6.00,M,170.00,T
WMC,2023-03-12 13:56,-117.8072,40.9019,29.98,1015.50,39.00,5.00,M,230.00,0.00
WMC,2023-03-12 14:56,-117.8072,40.9019,29.99,1015.80,40.00,11.00,M,170.00,0.00
WMC,2023-03-12 15:56,-117.8072,40.9019,30.00,1015.80,42.00,12.00,M,170.00,0.00
WMC,2023-03-12 16:56,-117.8072,40.9019,30.00,1015.50,47.00,12.00,M,160.00,0.00
WMC,2023-03-12 17:56,-117.8072,40.9019,30.00,1015.50,48.00,9.00,M,170.00,0.00
WMC,2023-03-12 18:56,-117.8072,40.9019,29.99,1014.80,52.00,7.00,16.00,220.00,0.00
WMC,2023-03-12 19:56,-117.8072,40.9019,29.98,1014.50,51.00,9.00,19.00,200.00,0.00
WMC,2023-03-12 20:56,-117.8072,40.9019,29.97,1014.00,51.00,11.00,M,170.00,0.00
WMC,2023-03-12 21:56,-117.8072,40.9019,29.97,1014.20,48.00,11.00,21.00,260.00,T
WMC,2023-03-12 22:07,-117.8072,40.9019,29.98,M,45.00,18.00,30.00,230.00,T
WMC,2023-03-12 22:56,-117.8072,40.9019,29.98,1014.60,47.00,5.00,M,190.00,0.03
WMC,2023-03-12 23:16,-117.8072,40.9019,29.98,M,44.00,8.00,M,240.00,0.02
WMC,2023-03-12 23:25,-117.8072,40.9019,29.97,M,44.00,5.00,M,250.00,0.02
WMC,2023-03-12 23:56,-117.8072,40.9019,29.97,1014.30,46.00,10.00,M,230.00,0.02
WMC,2023-03-13 00:40,-117.8072,40.9019,29.98,M,44.00,9.00,18.00,170.00,T
WMC,2023-03-13 00:56,-117.8072,40.9019,29.98,1015.20,42.00,8.00,21.00,160.00,T
WMC,2023-03-13 01:56,-117.8072,40.9019,29.99,1015.50,43.00,8.00,M,200.00,0.00
WMC,2023-03-13 02:56,-117.8072,40.9019,29.99,1015.60,42.00,8.00,M,180.00,0.00
WMC,2023-03-13 03:56,-117.8072,40.9019,30.01,1015.90,42.00,8.00,M,170.00,0.00
WMC,2023-03-13 04:56,-117.8072,40.9019,30.01,1015.30,42.00,8.00,M,190.00,0.00
WMC,2023-03-13 05:56,-117.8072,40.9019,30.00,1015.20,41.00,9.00,M,170.00,0.00
WMC,2023-03-13 06:56,-117.8072,40.9019,30.00,1014.70,41.00,10.00,M,180.00,0.00
WMC,2023-03-13 07:56,-117.8072,40.9019,30.00,1014.80,41.00,9.00,M,190.00,0.00
WMC,2023-03-13 08:56,-117.8072,40.9019,30.00,1014.70,42.00,10.00,M,190.00,0.00
WMC,2023-03-13 09:56,-117.8072,40.9019,30.00,1015.00,41.00,10.00,M,180.00,0.00
WMC,2023-03-13 10:56,-117.8072,40.9019,29.99,1015.00,41.00,10.00,M,170.00,0.00
WMC,2023-03-13 11:56,-117.8072,40.9019,30.00,1015.10,41.00,7.00,M,180.00,0.00
WMC,2023-03-13 12:56,-117.8072,40.9019,29.99,1015.40,41.00,10.00,M,170.00,0.00
WMC,2023-03-13 13:56,-117.8072,40.9019,30.00,1015.50,40.00,10.00,M,160.00,0.00
WMC,2023-03-13 14:56,-117.8072,40.9019,30.02,1016.20,42.00,11.00,M,180.00,0.00
WMC,2023-03-13 15:56,-117.8072,40.9019,30.01,1015.70,45.00,11.00,M,180.00,0.00
WMC,2023-03-13 16:56,-117.8072,40.9019,30.01,1015.30,50.00,10.00,M,180.00,0.00
WMC,2023-03-13 17:56,-117.8072,40.9019,30.01,1015.00,52.00,10.00,18.00,220.00,0.00
WMC,2023-03-13 18:56,-117.8072,40.9019,30.00,1014.70,54.00,12.00,21.00,210.00,0.00
WMC,2023-03-13 19:56,-117.8072,40.9019,29.99,1014.30,54.00,13.00,24.00,200.00,0.00
WMC,2023-03-13 20:56,-117.8072,40.9019,29.96,1013.30,53.00,13.00,22.00,200.00,0.00
WMC,2023-03-13 21:56,-117.8072,40.9019,29.94,1012.40,54.00,16.00,26.00,200.00,T
WMC,2023-03-13 22:56,-117.8072,40.9019,29.92,1011.90,54.00,13.00,M,180.00,0.00
WMC,2023-03-13 23:56,-117.8072,40.9019,29.90,1011.30,54.00,11.00,M,190.00,0.00
WMC,2023-03-14 00:56,-117.8072,40.9019,29.89,1011.00,53.00,8.00,M,190.00,0.00
WMC,2023-03-14 01:56,-117.8072,40.9019,29.88,1010.80,50.00,9.00,M,210.00,0.00
WMC,2023-03-14 02:56,-117.8072,40.9019,29.88,1010.70,49.00,10.00,M,170.00,0.00
WMC,2023-03-14 03:56,-117.8072,40.9019,29.90,1011.40,47.00,7.00,M,220.00,0.00
WMC,2023-03-14 04:56,-117.8072,40.9019,29.91,1011.60,46.00,9.00,M,180.00,0.00
WMC,2023-03-14 05:56,-117.8072,40.9019,29.90,1010.90,47.00,7.00,M,190.00,0.00
WMC,2023-03-14 06:56,-117.8072,40.9019,29.89,1010.40,46.00,9.00,M,190.00,0.00
WMC,2023-03-14 07:56,-117.8072,40.9019,29.89,1010.50,45.00,11.00,M,210.00,0.00
WMC,2023-03-14 08:56,-117.8072,40.9019,29.90,1010.90,44.00,10.00,M,170.00,0.00
WMC,2023-03-14 09:56,-117.8072,40.9019,29.88,1010.40,43.00,7.00,M,160.00,0.00
WMC,2023-03-14 10:56,-117.8072,40.9019,29.86,1009.60,43.00,0.00,M,0.00,0.00
WMC,2023-03-14 11:56,-117.8072,40.9019,29.84,1008.70,44.00,6.00,M,200.00,0.00
WMC,2023-03-14 12:56,-117.8072,40.9019,29.83,1008.60,44.00,5.00,M,170.00,0.00
WMC,2023-03-14 13:56,-117.8072,40.9019,29.81,1008.20,44.00,0.00,M,0.00,0.00
WMC,2023-03-14 14:56,-117.8072,40.9019,29.79,1007.50,42.00,0.00,M,0.00,0.00
WMC,2023-03-14 15:56,-117.8072,40.9019,29.77,1006.90,45.00,8.00,M,90.00,0.00
WMC,2023-03-14 16:56,-117.8072,40.9019,29.76,1006.40,47.00,5.00,M,160.00,0.00
WMC,2023-03-14 17:56,-117.8072,40.9019,29.74,1005.70,47.00,3.00,M,M,T
WMC,2023-03-14 18:56,-117.8072,40.9019,29.71,1004.40,50.00,14.00,21.00,170.00,T
WMC,2023-03-14 19:56,-117.8072,40.9019,29.69,1004.00,46.00,16.00,22.00,170.00,0.02
WMC,2023-03-14 20:56,-117.8072,40.9019,29.64,1002.50,46.00,14.00,26.00,160.00,0.02
WMC,2023-03-14 21:56,-117.8072,40.9019,29.59,1000.60,49.00,14.00,23.00,170.00,T
WMC,2023-03-14 22:56,-117.8072,40.9019,29.54,998.60,52.00,16.00,26.00,160.00,T
WMC,2023-03-14 23:56,-117.8072,40.9019,29.50,996.90,57.00,22.00,30.00,160.00,0.00
WMC,2023-03-15 00:56,-117.8072,40.9019,29.50,996.90,54.00,13.00,29.00,200.00,0.00
WMC,2023-03-15 01:56,-117.8072,40.9019,29.49,996.50,56.00,24.00,41.00,190.00,T
WMC,2023-03-15 02:56,-117.8072,40.9019,29.52,997.90,54.00,25.00,37.00,200.00,0.00
WMC,2023-03-15 03:56,-117.8072,40.9019,29.54,998.60,52.00,22.00,36.00,200.00,0.00
WMC,2023-03-15 04:56,-117.8072,40.9019,29.57,999.80,49.00,17.00,26.00,200.00,0.00
WMC,2023-03-15 05:56,-117.8072,40.9019,29.62,1001.10,51.00,28.00,41.00,220.00,0.00
WMC,2023-03-15 06:56,-117.8072,40.9019,29.65,1002.20,49.00,18.00,27.00,220.00,0.00
WMC,2023-03-15 07:56,-117.8072,40.9019,29.70,1004.30,48.00,19.00,32.00,270.00,0.00
WMC,2023-03-15 08:08,-117.8072,40.9019,29.71,M,43.00,22.00,33.00,270.00,0.00
WMC,2023-03-15 08:56,-117.8072,40.9019,29.73,1006.20,40.00,18.00,28.00,260.00,0.01
WMC,2023-03-15 09:56,-117.8072,40.9019,29.78,1007.60,41.00,8.00,M,250.00,T
WMC,2023-03-15 10:56,-117.8072,40.9019,29.81,1008.30,40.00,10.00,M,270.00,0.00
WMC,2023-03-15 11:19,-117.8072,40.9019,29.82,M,37.00,14.00,18.00,320.00,0.00
WMC,2023-03-15 11:27,-117.8072,40.9019,29.82,M,36.00,13.00,23.00,310.00,0.00
WMC,2023-03-15 11:56,-117.8072,40.9019,29.84,1009.20,37.00,8.00,M,310.00,0.00
WMC,2023-03-15 12:56,-117.8072,40.9019,29.88,1010.60,37.00,6.00,M,360.00,0.00
WMC,2023-03-15 13:56,-117.8072,40.9019,29.91,1011.80,36.00,4.00,M,310.00,0.00
WMC,2023-03-15 14:56,-117.8072,40.9019,29.94,1013.00,35.00,11.00,15.00,340.00,0.00
WMC,2023-03-15 15:56,-117.8072,40.9019,29.96,1013.90,35.00,15.00,24.00,340.00,0.00
WMC,2023-03-15 16:56,-117.8072,40.9019,30.00,1015.10,38.00,18.00,25.00,350.00,0.00
WMC,2023-03-15 17:56,-117.8072,40.9019,30.02,1015.40,41.00,14.00,21.00,350.00,0.00
WMC,2023-03-15 18:56,-117.8072,40.9019,30.03,1015.80,42.00,9.00,18.00,350.00,0.00
WMC,2023-03-15 19:56,-117.8072,40.9019,30.03,1015.80,44.00,8.00,M,340.00,0.00
WMC,2023-03-15 20:56,-117.8072,40.9019,30.02,1016.10,44.00,M,M,M,0.00
WMC,2023-03-15 21:56,-117.8072,40.9019,30.02,1015.80,46.00,11.00,20.00,320.00,0.00
WMC,2023-03-15 22:56,-117.8072,40.9019,30.02,1016.00,46.00,11.00,17.00,340.00,0.00
WMC,2023-03-15 23:56,-117.8072,40.9019,30.02,1016.50,45.00,10.00,18.00,340.00,0.00
WMC,2023-03-16 00:56,-117.8072,40.9019,30.03,1016.80,44.00,14.00,M,340.00,0.00
WMC,2023-03-16 01:56,-117.8072,40.9019,30.04,1017.70,40.00,8.00,M,330.00,0.00
WMC,2023-03-16 02:31,-117.8072,40.9019,30.05,M,38.00,10.00,M,50.00,0.00
WMC,2023-03-16 02:56,-117.8072,40.9019,30.06,1018.60,37.00,8.00,M,30.00,0.00
WMC,2023-03-16 03:56,-117.8072,40.9019,30.08,1019.40,35.00,9.00,M,50.00,0.00
WMC,2023-03-16 04:56,-117.8072,40.9019,30.10,1020.20,33.00,10.00,M,70.00,0.00
WMC,2023-03-16 05:56,-117.8072,40.9019,30.11,1020.20,33.00,12.00,M,40.00,0.00
WMC,2023-03-16 06:56,-117.8072,40.9019,30.11,1020.30,32.00,11.00,M,40.00,0.00
WMC,2023-03-16 07:56,-117.8072,40.9019,30.12,1020.50,30.90,11.00,M,40.00,0.00
WMC,2023-03-16 08:56,-117.8072,40.9019,30.13,1020.90,30.00,11.00,M,40.00,0.00
WMC,2023-03-16 09:56,-117.8072,40.9019,30.14,1021.20,28.90,10.00,M,50.00,0.00
WMC,2023-03-16 10:56,-117.8072,40.9019,30.14,1021.30,28.00,9.00,M,40.00,0.00
WMC,2023-03-16 11:56,-117.8072,40.9019,30.14,1021.20,28.00,10.00,M,40.00,0.00
WMC,2023-03-16 12:56,-117.8072,40.9019,30.14,1021.70,26.10,7.00,M,40.00,0.00
WMC,2023-03-16 13:56,-117.8072,40.9019,30.15,1022.40,25.00,7.00,M,70.00,0.00
WMC,2023-03-16 14:56,-117.8072,40.9019,30.16,1022.80,27.00,8.00,M,60.00,0.00
WMC,2023-03-16 15:56,-117.8072,40.9019,30.17,1022.90,30.00,13.00,21.00,40.00,0.00
WMC,2023-03-16 16:56,-117.8072,40.9019,30.17,1022.90,35.00,8.00,M,40.00,0.00
WMC,2023-03-16 17:56,-117.8072,40.9019,30.17,1022.60,38.00,11.00,M,50.00,0.00
WMC,2023-03-16 18:56,-117.8072,40.9019,30.17,1022.20,41.00,M,M,M,0.00
WMC,2023-03-16 19:56,-117.8072,40.9019,30.16,1021.80,43.00,7.00,M,360.00,0.00
WMC,2023-03-16 20:56,-117.8072,40.9019,30.13,1020.90,46.00,10.00,16.00,10.00,0.00
WMC,2023-03-16 21:56,-117.8072,40.9019,30.11,1020.20,47.00,14.00,19.00,40.00,0.00
WMC,2023-03-16 22:56,-117.8072,40.9019,30.10,1019.70,48.00,14.00,M,30.00,0.00
WMC,2023-03-16 23:56,-117.8072,40.9019,30.08,1019.00,47.00,15.00,22.00,30.00,0.00
WMC,2023-03-17 00:56,-117.8072,40.9019,30.08,1019.20,46.00,13.00,21.00,50.00,0.00
WMC,2023-03-17 01:56,-117.8072,40.9019,30.08,1019.80,42.00,12.00,19.00,50.00,0.00
WMC,2023-03-17 02:56,-117.8072,40.9019,30.09,1019.90,40.00,11.00,21.00,50.00,0.00
WMC,2023-03-17 03:56,-117.8072,40.9019,30.09,1020.10,37.00,9.00,M,30.00,0.00
WMC,2023-03-17 04:56,-117.8072,40.9019,30.11,1021.00,30.00,4.00,M,110.00,0.00
WMC,2023-03-17 05:56,-117.8072,40.9019,30.13,1021.40,28.90,3.00,M,80.00,0.00
WMC,2023-03-17 06:56,-117.8072,40.9019,30.13,1021.20,30.90,0.00,M,0.00,0.00
WMC,2023-03-17 07:56,-117.8072,40.9019,30.13,1021.20,27.00,7.00,M,80.00,0.00
WMC,2023-03-17 08:56,-117.8072,40.9019,30.13,1021.20,26.10,3.00,M,70.00,0.00
WMC,2023-03-17 09:56,-117.8072,40.9019,30.14,1021.70,21.00,3.00,M,100.00,0.00
WMC,2023-03-17 10:56,-117.8072,40.9019,30.13,1021.00,26.10,5.00,M,90.00,0.00
WMC,2023-03-17 11:56,-117.8072,40.9019,30.13,1021.50,21.00,6.00,M,130.00,0.00
WMC,2023-03-17 12:56,-117.8072,40.9019,30.15,1021.90,24.10,7.00,M,70.00,0.00
WMC,2023-03-17 13:56,-117.8072,40.9019,30.15,1022.60,21.90,7.00,M,70.00,0.00
WMC,2023-03-17 14:56,-117.8072,40.9019,30.16,1022.40,28.90,9.00,M,70.00,0.00
WMC,2023-03-17 15:56,-117.8072,40.9019,30.18,1022.90,33.00,10.00,M,60.00,0.00
WMC,2023-03-17 16:56,-117.8072,40.9019,30.19,1023.60,37.00,6.00,M,70.00,0.00
WMC,2023-03-17 17:56,-117.8072,40.9019,30.20,1023.60,41.00,5.00,M,70.00,0.00
WMC,2023-03-17 18:56,-117.8072,40.9019,30.19,1022.80,45.00,6.00,M,20.00,0.00
WMC,2023-03-17 19:56,-117.8072,40.9019,30.18,1022.60,47.00,3.00,M,M,0.00
WMC,2023-03-17 20:56,-117.8072,40.9019,30.16,1021.80,48.00,3.00,M,M,0.00
WMC,2023-03-17 21:56,-117.8072,40.9019,30.14,1021.50,51.00,7.00,M,110.00,0.00
WMC,2023-03-17 22:56,-117.8072,40.9019,30.13,1020.30,53.00,7.00,M,40.00,0.00
WMC,2023-03-17 23:56,-117.8072,40.9019,30.11,1020.10,52.00,5.00,M,M,0.00
WMC,2023-03-18 00:56,-117.8072,40.9019,30.09,1019.40,51.00,0.00,M,0.00,0.00
WMC,2023-03-18 01:56,-117.8072,40.9019,30.11,1020.90,44.00,5.00,M,200.00,0.00
WMC,2023-03-18 02:56,-117.8072,40.9019,30.13,1021.20,43.00,8.00,M,30.00,0.00
WMC,2023-03-18 03:56,-117.8072,40.9019,30.16,1021.80,40.00,9.00,M,50.00,0.00
WMC,2023-03-18 04:56,-117.8072,40.9019,30.16,1021.90,38.00,8.00,M,50.00,0.00
WMC,2023-03-18 05:56,-117.8072,40.9019,30.17,1022.30,35.00,8.00,M,70.00,0.00
WMC,2023-03-18 06:56,-117.8072,40.9019,30.17,1021.60,34.00,6.00,M,80.00,0.00
WMC,2023-03-18 07:56,-117.8072,40.9019,30.17,1021.60,34.00,7.00,M,100.00,0.00
WMC,2023-03-18 08:56,-117.8072,40.9019,30.16,1021.50,33.00,7.00,M,80.00,0.00
WMC,2023-03-18 09:56,-117.8072,40.9019,30.16,1021.20,33.00,10.00,M,70.00,0.00
WMC,2023-03-18 10:56,-117.8072,40.9019,30.15,1020.80,32.00,9.00,M,70.00,0.00
WMC,2023-03-18 11:56,-117.8072,40.9019,30.15,1020.80,32.00,6.00,M,100.00,0.00
WMC,2023-03-18 12:56,-117.8072,40.9019,30.15,1020.90,30.90,9.00,M,70.00,0.00
WMC,2023-03-18 13:56,-117.8072,40.9019,30.16,1021.80,30.90,10.00,M,70.00,0.00
WMC,2023-03-18 14:56,-117.8072,40.9019,30.17,1022.00,32.00,10.00,M,60.00,0.00
WMC,2023-03-18 15:56,-117.8072,40.9019,30.17,1022.10,38.00,10.00,M,70.00,0.00
WMC,2023-03-18 16:56,-117.8072,40.9019,30.16,1021.20,43.00,7.00,M,60.00,0.00
WMC,2023-03-18 17:56,-117.8072,40.9019,30.14,1020.60,47.00,6.00,M,70.00,0.00
WMC,2023-03-18 18:56,-117.8072,40.9019,30.13,1019.90,51.00,9.00,M,60.00,0.00
WMC,2023-03-18 19:56,-117.8072,40.9019,30.11,1019.10,54.00,8.00,M,210.00,0.00
WMC,2023-03-18 20:56,-117.8072,40.9019,30.09,1018.30,55.00,4.00,M,M,0.00
WMC,2023-03-18 21:56,-117.8072,40.9019,30.05,1017.00,57.00,M,M,M,0.00
WMC,2023-03-18 22:56,-117.8072,40.9019,30.04,1016.70,56.00,4.00,M,M,0.00
WMC,2023-03-18 23:56,-117.8072,40.9019,30.03,1016.00,57.00,6.00,M,180.00,0.00
WMC,2023-03-19 00:56,-117.8072,40.9019,30.02,1016.00,55.00,5.00,M,170.00,0.00
WMC,2023-03-19 01:56,-117.8072,40.9019,30.01,1016.30,49.00,5.00,M,190.00,0.00
WMC,2023-03-19 02:56,-117.8072,40.9019,30.00,1016.30,43.00,6.00,M,150.00,0.00
WMC,2023-03-19 03:56,-117.8072,40.9019,30.01,1015.80,46.00,3.00,M,100.00,0.00
WMC,2023-03-19 04:56,-117.8072,40.9019,30.01,1015.70,42.00,6.00,M,80.00,0.00
WMC,2023-03-19 05:56,-117.8072,40.9019,30.00,1015.20,43.00,9.00,M,60.00,0.00
WMC,2023-03-19 06:56,-117.8072,40.9019,29.98,1014.00,42.00,9.00,M,70.00,0.00
WMC,2023-03-19 07:56,-117.8072,40.9019,29.97,1013.40,41.00,8.00,M,80.00,0.00
WMC,2023-03-19 08:56,-117.8072,40.9019,29.95,1012.80,39.00,7.00,M,80.00,0.00
WMC,2023-03-19 09:56,-117.8072,40.9019,29.93,1012.10,39.00,7.00,M,70.00,0.00
WMC,2023-03-19 10:56,-117.8072,40.9019,29.90,1011.40,38.00,7.00,M,80.00,0.00
WMC,2023-03-19 11:56,-117.8072,40.9019,29.88,1010.40,38.00,10.00,M,70.00,0.00
WMC,2023-03-19 12:56,-117.8072,40.9019,29.86,1009.90,38.00,6.00,M,90.00,0.00
WMC,2023-03-19 13:56,-117.8072,40.9019,29.85,1010.10,38.00,10.00,M,70.00,0.00
WMC,2023-03-19 14:56,-117.8072,40.9019,29.85,1010.30,40.00,8.00,M,60.00,0.00
WMC,2023-03-19 15:56,-117.8072,40.9019,29.85,1009.90,42.00,9.00,M,70.00,0.00
WMC,2023-03-19 16:56,-117.8072,40.9019,29.84,1009.80,45.00,7.00,M,50.00,0.00
WMC,2023-03-19 17:56,-117.8072,40.9019,29.84,1009.40,47.00,4.00,M,50.00,0.00
WMC,2023-03-19 18:56,-117.8072,40.9019,29.81,1008.20,49.00,8.00,M,160.00,0.00
WMC,2023-03-19 19:56,-117.8072,40.9019,29.79,1007.50,50.00,10.00,M,180.00,0.00
WMC,2023-03-19 20:56,-117.8072,40.9019,29.77,1007.50,47.00,10.00,M,220.00,0.00
WMC,2023-03-19 21:56,-117.8072,40.9019,29.77,1007.40,44.00,6.00,M,190.00,T
WMC,2023-03-19 22:56,-117.8072,40.9019,29.76,1007.60,42.00,9.00,M,180.00,0.01
WMC,2023-03-19 23:19,-117.8072,40.9019,29.76,M,41.00,6.00,M,170.00,0.02
WMC,2023-03-19 23:43,-117.8072,40.9019,29.76,M,40.00,8.00,M,160.00,0.03
WMC,2023-03-19 23:56,-117.8072,40.9019,29.75,1007.40,40.00,10.00,M,160.00,0.04
WMC,2023-03-20 00:11,-117.8072,40.9019,29.75,M,40.00,9.00,M,170.00,T
WMC,2023-03-20 00:56,-117.8072,40.9019,29.74,1007.10,39.00,7.00,M,170.00,0.04
WMC,2023-03-20 01:21,-117.8072,40.9019,29.74,M,38.00,6.00,M,190.00,T
WMC,2023-03-20 01:56,-117.8072,40.9019,29.74,1007.00,38.00,6.00,M,200.00,0.01
WMC,2023-03-20 02:56,-117.8072,40.9019,29.74,1006.80,38.00,6.00,M,190.00,T
WMC,2023-03-20 03:56,-117.8072,40.9019,29.74,1006.70,38.00,7.00,M,200.00,0.00
WMC,2023-03-20 04:56,-117.8072,40.9019,29.74,1006.50,38.00,5.00,M,230.00,0.06
WMC,2023-03-20 05:56,-117.8072,40.9019,29.74,1006.20,39.00,6.00,M,200.00,0.02
WMC,2023-03-20 06:17,-117.8072,40.9019,29.73,M,38.00,7.00,M,190.00,T
WMC,2023-03-20 06:56,-117.8072,40.9019,29.72,1005.40,38.00,9.00,M,160.00,T
WMC,2023-03-20 07:56,-117.8072,40.9019,29.72,1005.30,39.00,10.00,M,190.00,0.00
WMC,2023-03-20 08:21,-117.8072,40.9019,29.71,M,38.00,7.00,M,180.00,0.00
WMC,2023-03-20 08:56,-117.8072,40.9019,29.71,1005.20,38.00,9.00,M,190.00,0.00
WMC,2023-03-20 09:56,-117.8072,40.9019,29.69,1004.80,37.00,10.00,M,190.00,0.00
WMC,2023-03-20 10:56,-117.8072,40.9019,29.67,1004.20,38.00,12.00,M,180.00,0.00
WMC,2023-03-20 11:08,-117.8072,40.9019,29.66,M,37.00,11.00,M,180.00,0.00
WMC,2023-03-20 11:31,-117.8072,40.9019,29.66,M,38.00,9.00,M,190.00,0.00
WMC,2023-03-20 11:56,-117.8072,40.9019,29.67,1004.50,39.00,11.00,M,220.00,0.00
WMC,2023-03-20 12:32,-117.8072,40.9019,29.69,M,34.00,17.00,36.00,270.00,0.01
WMC,2023-03-20 12:39,-117.8072,40.9019,29.68,M,35.00,10.00,27.00,250.00,0.06
WMC,2023-03-20 12:56,-117.8072,40.9019,29.69,1005.20,37.00,13.00,20.00,250.00,0.08
WMC,2023-03-20 13:56,-117.8072,40.9019,29.70,1005.70,38.00,12.00,M,240.00,0.00
WMC,2023-03-20 14:56,-117.8072,40.9019,29.71,1005.90,39.00,14.00,21.00,230.00,0.00
WMC,2023-03-20 15:56,-117.8072,40.9019,29.73,1006.50,43.00,14.00,21.00,250.00,0.00
WMC,2023-03-20 16:56,-117.8072,40.9019,29.77,1008.10,38.00,19.00,30.00,280.00,0.00
WMC,2023-03-20 17:03,-117.8072,40.9019,29.78,M,37.00,22.00,33.00,270.00,T
WMC,2023-03-20 17:56,-117.8072,40.9019,29.78,1008.20,38.00,12.00,20.00,280.00,T
WMC,2023-03-20 18:56,-117.8072,40.9019,29.77,1007.40,45.00,19.00,28.00,270.00,0.00
WMC,2023-03-20 19:56,-117.8072,40.9019,29.75,1006.80,46.00,15.00,25.00,270.00,0.00
WMC,2023-03-20 20:56,-117.8072,40.9019,29.75,1007.00,44.00,11.00,20.00,270.00,0.01
WMC,2023-03-20 21:56,-117.8072,40.9019,29.74,1006.50,47.00,20.00,29.00,280.00,0.00
WMC,2023-03-20 22:56,-117.8072,40.9019,29.75,1006.50,47.00,17.00,27.00,270.00,0.00
WMC,2023-03-20 23:56,-117.8072,40.9019,29.74,1006.40,47.00,14.00,22.00,290.00,0.00
WMC,2023-03-21 00:56,-117.8072,40.9019,29.74,1006.40,46.00,9.00,M,320.00,0.00
WMC,2023-03-21 01:56,-117.8072,40.9019,29.75,1007.20,40.00,7.00,M,340.00,0.00
WMC,2023-03-21 02:56,-117.8072,40.9019,29.76,1008.00,35.00,3.00,M,20.00,0.00
WMC,2023-03-21 03:56,-117.8072,40.9019,29.79,1008.90,30.90,4.00,M,210.00,0.00
WMC,2023-03-21 04:56,-117.8072,40.9019,29.79,1009.30,30.90,0.00,M,0.00,0.00
WMC,2023-03-21 05:56,-117.8072,40.9019,29.77,1009.10,27.00,3.00,M,360.00,0.00
WMC,2023-03-21 06:56,-117.8072,40.9019,29.77,1008.60,27.00,0.00,M,0.00,0.00
WMC,2023-03-21 07:56,-117.8072,40.9019,29.77,1008.40,27.00,0.00,M,0.00,0.00
WMC,2023-03-21 08:56,-117.8072,40.9019,29.76,1008.40,25.00,3.00,M,160.00,0.00
WMC,2023-03-21 09:56,-117.8072,40.9019,29.76,1008.00,24.10,4.00,M,180.00,0.00
WMC,2023-03-21 10:56,-117.8072,40.9019,29.74,1007.60,21.90,4.00,M,110.00,0.00
WMC,2023-03-21 11:56,-117.8072,40.9019,29.72,1006.80,25.00,5.00,M,70.00,0.00
WMC,2023-03-21 12:56,-117.8072,40.9019,29.72,1006.80,26.10,12.00,M,90.00,0.00
WMC,2023-03-21 13:56,-117.8072,40.9019,29.71,1006.60,28.00,11.00,M,60.00,0.00
WMC,2023-03-21 14:56,-117.8072,40.9019,29.68,1006.00,30.90,14.00,20.00,50.00,0.00
WMC,2023-03-21 15:56,-117.8072,40.9019,29.66,1005.30,35.00,14.00,21.00,60.00,0.00
WMC,2023-03-21 16:56,-117.8072,40.9019,29.64,1004.10,38.00,20.00,30.00,40.00,0.00
WMC,2023-03-21 17:56,-117.8072,40.9019,29.61,1003.20,42.00,19.00,31.00,40.00,0.00
WMC,2023-03-21 18:56,-117.8072,40.9019,29.59,1002.20,44.00,20.00,32.00,50.00,0.00
WMC,2023-03-21 19:56,-117.8072,40.9019,29.55,1000.90,45.00,16.00,30.00,50.00,0.00
WMC,2023-03-21 20:56,-117.8072,40.9019,29.53,1000.10,46.00,15.00,31.00,50.00,0.00
WMC,2023-03-21 21:56,-117.8072,40.9019,29.53,1000.20,45.00,10.00,23.00,20.00,0.00
WMC,2023-03-21 22:56,-117.8072,40.9019,29.52,1000.50,41.00,10.00,14.00,180.00,0.00
WMC,2023-03-21 23:10,-117.8072,40.9019,29.52,M,39.00,5.00,M,M,0.00
WMC,2023-03-21 23:25,-117.8072,40.9019,29.52,M,40.00,6.00,M,230.00,0.00
WMC,2023-03-21 23:56,-117.8072,40.9019,29.52,1000.60,38.00,5.00,M,200.00,0.00
WMC,2023-03-22 00:09,-117.8072,40.9019,29.52,M,38.00,3.00,M,M,T
WMC,2023-03-22 00:56,-117.8072,40.9019,29.52,1000.50,36.00,13.00,19.00,40.00,T
WMC,2023-03-22 01:36,-117.8072,40.9019,29.51,M,36.00,12.00,21.00,50.00,T
WMC,2023-03-22 01:56,-117.8072,40.9019,29.50,999.70,37.00,14.00,22.00,40.00,T
WMC,2023-03-22 02:47,-117.8072,40.9019,29.52,M,35.00,4.00,M,80.00,T
WMC,2023-03-22 02:56,-117.8072,40.9019,29.52,1000.40,34.00,5.00,M,90.00,T
WMC,2023-03-22 03:01,-117.8072,40.9019,29.53,M,34.00,4.00,M,100.00,T
WMC,2023-03-22 03:37,-117.8072,40.9019,29.53,M,33.00,3.00,M,90.00,0.06
WMC,2023-03-22 03:40,-117.8072,40.9019,29.53,M,33.00,3.00,M,100.00,0.06
WMC,2023-03-22 03:56,-117.8072,40.9019,29.53,1000.50,33.00,3.00,M,40.00,0.07
WMC,2023-03-22 04:16,-117.8072,40.9019,29.54,M,34.00,4.00,M,40.00,T
WMC,2023-03-22 04:37,-117.8072,40.9019,29.54,M,33.00,7.00,M,60.00,0.01
WMC,2023-03-22 04:47,-117.8072,40.9019,29.53,M,33.00,8.00,M,70.00,0.02
WMC,2023-03-22 04:52,-117.8072,40.9019,29.53,M,33.80,7.00,M,80.00,0.02
WMC,2023-03-22 04:56,-117.8072,40.9019,29.53,1000.30,33.00,7.00,M,80.00,0.02
WMC,2023-03-22 05:03,-117.8072,40.9019,29.53,M,33.00,6.00,M,80.00,T
WMC,2023-03-22 05:56,-117.8072,40.9019,29.54,1000.20,34.00,4.00,M,50.00,0.01
WMC,2023-03-22 06:49,-117.8072,40.9019,29.56,M,33.00,3.00,M,140.00,T
WMC,2023-03-22 06:56,-117.8072,40.9019,29.56,1000.70,33.00,0.00,M,0.00,T
WMC,2023-03-22 07:24,-117.8072,40.9019,29.56,M,33.00,4.00,M,200.00,T
WMC,2023-03-22 07:54,-117.8072,40.9019,29.57,M,33.80,4.00,M,250.00,T
WMC,2023-03-22 07:56,-117.8072,40.9019,29.57,1001.00,33.00,4.00,M,250.00,T
WMC,2023-03-22 08:16,-117.8072,40.9019,29.57,M,33.00,4.00,M,230.00,0.00
WMC,2023-03-22 08:37,-117.8072,40.9019,29.57,M,33.00,5.00,M,290.00,0.00
WMC,2023-03-22 08:56,-117.8072,40.9019,29.58,1001.10,33.00,4.00,M,280.00,0.00
WMC,2023-03-22 09:56,-117.8072,40.9019,29.58,1001.20,33.00,0.00,M,0.00,0.00
WMC,2023-03-22 10:06,-117.8072,40.9019,29.58,M,33.00,4.00,M,250.00,0.00
WMC,2023-03-22 10:23,-117.8072,40.9019,29.58,M,33.00,3.00,M,290.00,0.00
WMC,2023-03-22 10:26,-117.8072,40.9019,29.58,M,33.00,3.00,M,280.00,0.00
WMC,2023-03-22 10:35,-117.8072,40.9019,29.58,M,32.00,6.00,M,290.00,0.00
WMC,2023-03-22 10:50,-117.8072,40.9019,29.58,M,33.80,5.00,M,260.00,0.00
WMC,2023-03-22 10:52,-117.8072,40.9019,29.58,M,33.80,4.00,M,270.00,0.00
WMC,2023-03-22 10:56,-117.8072,40.9019,29.58,1001.80,33.00,5.00,M,260.00,0.00
WMC,2023-03-22 11:11,-117.8072,40.9019,29.59,M,33.00,6.00,M,280.00,0.00
WMC,2023-03-22 11:18,-117.8072,40.9019,29.59,M,33.00,5.00,M,280.00,0.00
WMC,2023-03-22 11:27,-117.8072,40.9019,29.59,M,33.00,6.00,M,280.00,0.00
WMC,2023-03-22 11:56,-117.8072,40.9019,29.60,1002.70,33.00,0.00,M,0.00,0.00
WMC,2023-03-22 12:23,-117.8072,40.9019,29.62,M,32.00,8.00,M,170.00,0.00
WMC,2023-03-22 12:25,-117.8072,40.9019,29.62,M,32.00,7.00,M,170.00,0.00
WMC,2023-03-22 12:33,-117.8072,40.9019,29.62,M,32.00,6.00,M,170.00,0.00
WMC,2023-03-22 12:40,-117.8072,40.9019,29.62,M,32.00,6.00,M,200.00,0.00
WMC,2023-03-22 12:45,-117.8072,40.9019,29.62,M,32.00,7.00,M,180.00,0.00
WMC,2023-03-22 12:48,-117.8072,40.9019,29.62,M,32.00,8.00,M,170.00,0.00
WMC,2023-03-22 12:56,-117.8072,40.9019,29.63,1003.90,32.00,4.00,M,190.00,0.00
WMC,2023-03-22 13:09,-117.8072,40.9019,29.63,M,32.00,3.00,M,170.00,0.00
WMC,2023-03-22 13:56,-117.8072,40.9019,29.65,1004.50,33.00,6.00,M,270.00,0.00
WMC,2023-03-22 14:56,-117.8072,40.9019,29.68,1005.70,34.00,4.00,M,30.00,T
WMC,2023-03-22 15:56,-117.8072,40.9019,29.71,1006.80,35.00,12.00,18.00,240.00,T
WMC,2023-03-22 16:56,-117.8072,40.9019,29.74,1007.80,36.00,7.00,M,230.00,0.00
WMC,2023-03-22 17:56,-117.8072,40.9019,29.77,1008.50,38.00,12.00,20.00,260.00,T
WMC,2023-03-22 18:49,-117.8072,40.9019,29.79,M,40.00,13.00,20.00,240.00,0.01
WMC,2023-03-22 18:56,-117.8072,40.9019,29.80,1009.20,40.00,13.00,19.00,250.00,0.01
WMC,2023-03-22 19:05,-117.8072,40.9019,29.80,M,42.00,13.00,20.00,260.00,T
WMC,2023-03-22 19:31,-117.8072,40.9019,29.80,M,42.00,10.00,20.00,260.00,T
WMC,2023-03-22 19:40,-117.8072,40.9019,29.81,M,43.00,13.00,M,270.00,T
WMC,2023-03-22 19:56,-117.8072,40.9019,29.81,1009.60,42.00,10.00,M,260.00,T
WMC,2023-03-22 20:06,-117.8072,40.9019,29.81,M,42.00,9.00,M,260.00,0.00
WMC,2023-03-22 20:56,-117.8072,40.9019,29.82,1010.30,37.00,7.00,M,360.00,0.06
WMC,2023-03-22 21:14,-117.8072,40.9019,29.81,M,40.00,0.00,M,0.00,0.01
WMC,2023-03-22 21:38,-117.8072,40.9019,29.82,M,37.00,10.00,M,340.00,0.03
WMC,2023-03-22 21:56,-117.8072,40.9019,29.83,1010.40,39.00,7.00,M,10.00,0.07
WMC,2023-03-22 22:16,-117.8072,40.9019,29.84,M,41.00,12.00,M,300.00,0.01
WMC,2023-03-22 22:56,-117.8072,40.9019,29.84,1010.60,44.00,4.00,15.00,290.00,0.01
WMC,2023-03-22 23:56,-117.8072,40.9019,29.86,1011.20,44.00,6.00,M,350.00,0.00
WMC,2023-03-23 00:56,-117.8072,40.9019,29.87,1011.80,43.00,4.00,M,30.00,0.00
WMC,2023-03-23 01:56,-117.8072,40.9019,29.89,1012.40,40.00,5.00,M,150.00,0.00
WMC,2023-03-23 02:56,-117.8072,40.9019,29.90,1012.90,37.00,8.00,M,180.00,0.00
WMC,2023-03-23 03:56,-117.8072,40.9019,29.93,1013.90,36.00,9.00,M,180.00,0.00
WMC,2023-03-23 04:56,-117.8072,40.9019,29.95,1014.70,37.00,8.00,M,190.00,T
WMC,2023-03-23 05:56,-117.8072,40.9019,29.96,1015.00,35.00,7.00,M,180.00,0.00
WMC,2023-03-23 06:56,-117.8072,40.9019,29.97,1015.10,36.00,6.00,M,180.00,T
WMC,2023-03-23 07:46,-117.8072,40.9019,29.97,M,37.00,4.00,M,170.00,T
WMC,2023-03-23 07:56,-117.8072,40.9019,29.97,1014.90,37.00,6.00,M,180.00,T
WMC,2023-03-23 08:56,-117.8072,40.9019,29.98,1015.90,35.00,7.00,M,180.00,0.00
WMC,2023-03-23 09:56,-117.8072,40.9019,29.98,1015.60,35.00,7.00,M,180.00,0.00
WMC,2023-03-23 10:56,-117.8072,40.9019,29.98,1015.00,35.00,7.00,M,180.00,0.00
WMC,2023-03-23 11:56,-117.8072,40.9019,29.99,1015.30,35.00,8.00,M,180.00,0.00
WMC,2023-03-23 12:56,-117.8072,40.9019,29.99,1015.70,33.00,7.00,M,190.00,0.00
WMC,2023-03-23 13:56,-117.8072,40.9019,29.99,1016.20,34.00,9.00,M,180.00,0.00
WMC,2023-03-23 14:56,-117.8072,40.9019,30.02,1017.10,35.00,8.00,M,190.00,0.00
WMC,2023-03-23 15:56,-117.8072,40.9019,30.02,1016.70,41.00,13.00,M,180.00,0.00
WMC,2023-03-23 16:56,-117.8072,40.9019,30.03,1016.80,42.00,7.00,M,190.00,0.00
WMC,2023-03-23 17:56,-117.8072,40.9019,30.03,1016.80,44.00,12.00,M,230.00,0.00
WMC,2023-03-23 18:56,-117.8072,40.9019,30.04,1017.60,38.00,7.00,18.00,290.00,T
WMC,2023-03-23 19:00,-117.8072,40.9019,30.04,M,37.00,7.00,M,280.00,T
WMC,2023-03-23 19:07,-117.8072,40.9019,30.03,M,37.00,4.00,M,330.00,0.01
WMC,2023-03-23 19:18,-117.8072,40.9019,30.03,M,40.00,3.00,M,20.00,0.01
WMC,2023-03-23 19:30,-117.8072,40.9019,30.02,M,42.00,3.00,M,M,0.01
WMC,2023-03-23 19:56,-117.8072,40.9019,30.01,1016.30,41.00,10.00,M,120.00,0.01
WMC,2023-03-23 20:08,-117.8072,40.9019,30.03,M,39.00,15.00,29.00,290.00,0.00
WMC,2023-03-23 20:23,-117.8072,40.9019,30.02,M,37.00,14.00,23.00,290.00,T
WMC,2023-03-23 20:34,-117.8072,40.9019,30.01,M,38.00,11.00,M,310.00,T
WMC,2023-03-23 20:56,-117.8072,40.9019,30.01,1016.70,38.00,7.00,M,310.00,T
WMC,2023-03-23 21:08,-117.8072,40.9019,30.01,M,36.00,11.00,M,310.00,T
WMC,2023-03-23 21:17,-117.8072,40.9019,30.01,M,35.00,7.00,15.00,290.00,0.01
WMC,2023-03-23 21:20,-117.8072,40.9019,30.01,M,34.00,8.00,M,290.00,0.01
WMC,2023-03-23 21:30,-117.8072,40.9019,30.00,M,34.00,6.00,M,270.00,0.05
WMC,2023-03-23 21:34,-117.8072,40.9019,30.01,M,34.00,7.00,M,240.00,0.05
WMC,2023-03-23 21:40,-117.8072,40.9019,30.01,M,34.00,6.00,M,230.00,0.06
WMC,2023-03-23 21:56,-117.8072,40.9019,30.01,1017.10,34.00,7.00,M,220.00,0.08
WMC,2023-03-23 22:07,-117.8072,40.9019,30.01,M,34.00,6.00,M,200.00,0.02
WMC,2023-03-23 22:15,-117.8072,40.9019,30.01,M,35.00,6.00,M,200.00,0.02
WMC,2023-03-23 22:27,-117.8072,40.9019,29.99,M,35.00,5.00,15.00,170.00,0.02
WMC,2023-03-23 22:33,-117.8072,40.9019,29.99,M,36.00,5.00,M,170.00,0.02
WMC,2023-03-23 22:56,-117.8072,40.9019,29.99,1016.10,37.00,10.00,M,130.00,0.02
WMC,2023-03-23 23:56,-117.8072,40.9019,29.98,1015.20,42.00,9.00,M,230.00,0.00
WMC,2023-03-24 00:56,-117.8072,40.9019,29.97,1015.10,43.00,8.00,M,200.00,0.00
WMC,2023-03-24 01:56,-117.8072,40.9019,29.97,1015.30,40.00,9.00,M,190.00,0.00
WMC,2023-03-24 02:56,-117.8072,40.9019,29.99,1016.30,37.00,6.00,M,150.00,T
WMC,2023-03-24 03:56,-117.8072,40.9019,30.00,1015.90,38.00,9.00,M,250.00,0.00
WMC,2023-03-24 04:56,-117.8072,40.9019,30.02,1016.70,36.00,3.00,M,230.00,0.00
WMC,2023-03-24 05:56,-117.8072,40.9019,30.02,1016.40,35.00,7.00,M,230.00,0.00
WMC,2023-03-24 06:56,-117.8072,40.9019,30.01,1016.60,35.00,6.00,M,180.00,0.00
WMC,2023-03-24 07:35,-117.8072,40.9019,30.03,M,30.90,13.00,24.00,340.00,T
WMC,2023-03-24 07:37,-117.8072,40.9019,30.03,M,30.90,13.00,24.00,340.00,T
WMC,2023-03-24 07:41,-117.8072,40.9019,30.04,M,30.00,12.00,24.00,330.00,0.01
WMC,2023-03-24 07:56,-117.8072,40.9019,30.05,1018.60,28.90,13.00,24.00,340.00,0.04
WMC,2023-03-24 08:05,-117.8072,40.9019,30.07,M,28.90,13.00,24.00,330.00,0.01
WMC,2023-03-24 08:31,-117.8072,40.9019,30.09,M,28.00,12.00,21.00,330.00,0.02
WMC,2023-03-24 08:41,-117.8072,40.9019,30.10,M,27.00,11.00,16.00,340.00,0.03
WMC,2023-03-24 08:50,-117.8072,40.9019,30.10,M,26.60,8.00,16.00,330.00,0.04
WMC,2023-03-24 08:56,-117.8072,40.9019,30.11,1020.80,27.00,9.00,M,330.00,0.04
WMC,2023-03-24 09:06,-117.8072,40.9019,30.11,M,27.00,7.00,M,330.00,0.01
WMC,2023-03-24 09:12,-117.8072,40.9019,30.11,M,27.00,4.00,M,330.00,0.01
WMC,2023-03-24 09:19,-117.8072,40.9019,30.11,M,27.00,5.00,M,330.00,0.01
WMC,2023-03-24 09:29,-117.8072,40.9019,30.11,M,27.00,0.00,M,0.00,0.01
WMC,2023-03-24 09:37,-117.8072,40.9019,30.10,M,27.00,0.00,M,0.00,0.01
WMC,2023-03-24 09:56,-117.8072,40.9019,30.10,1021.00,26.10,0.00,M,0.00,0.02
WMC,2023-03-24 10:56,-117.8072,40.9019,30.11,1021.50,21.00,3.00,M,240.00,0.00
WMC,2023-03-24 11:56,-117.8072,40.9019,30.12,1021.90,17.10,0.00,M,0.00,0.00
WMC,2023-03-24 12:56,-117.8072,40.9019,30.14,1022.50,17.10,4.00,M,290.00,0.00
WMC,2023-03-24 13:56,-117.8072,40.9019,30.16,1024.10,10.90,0.00,M,0.00,0.00
WMC,2023-03-24 14:56,-117.8072,40.9019,30.19,1024.40,21.00,0.00,M,0.00,0.00
WMC,2023-03-24 15:56,-117.8072,40.9019,30.20,1024.20,28.00,5.00,M,280.00,0.00
WMC,2023-03-24 16:56,-117.8072,40.9019,30.22,1024.40,30.90,3.00,M,260.00,0.00
WMC,2023-03-24 17:56,-117.8072,40.9019,30.22,1024.80,30.90,8.00,M,240.00,0.00
WMC,2023-03-24 18:56,-117.8072,40.9019,30.21,1024.30,33.00,9.00,20.00,250.00,0.00
WMC,2023-03-24 19:56,-117.8072,40.9019,30.20,1024.30,33.00,13.00,M,260.00,T
WMC,2023-03-24 20:56,-117.8072,40.9019,30.16,1023.30,33.00,4.00,M,210.00,T
WMC,2023-03-24 21:47,-117.8072,40.9019,30.17,M,32.00,15.00,27.00,280.00,T
WMC,2023-03-24 21:56,-117.8072,40.9019,30.16,1023.20,32.00,7.00,18.00,280.00,T
WMC,2023-03-24 22:04,-117.8072,40.9019,30.15,M,35.00,6.00,M,280.00,T
WMC,2023-03-24 22:56,-117.8072,40.9019,30.14,1022.60,39.00,18.00,29.00,280.00,T
WMC,2023-03-24 23:09,-117.8072,40.9019,30.15,M,38.00,22.00,30.00,280.00,0.00
WMC,2023-03-24 23:56,-117.8072,40.9019,30.14,1023.30,35.00,8.00,19.00,300.00,0.00
WMC,2023-03-25 00:27,-117.8072,40.9019,30.15,M,34.00,8.00,21.00,240.00,0.00
WMC,2023-03-25 00:56,-117.8072,40.9019,30.14,1023.20,34.00,6.00,M,M,0.00
WMC,2023-03-25 01:56,-117.8072,40.9019,30.15,1024.40,30.90,11.00,22.00,270.00,T
WMC,2023-03-25 02:56,-117.8072,40.9019,30.16,1023.80,30.00,6.00,M,260.00,T
WMC,2023-03-25 03:56,-117.8072,40.9019,30.17,1023.80,30.00,0.00,M,0.00,T
WMC,2023-03-25 04:56,-117.8072,40.9019,30.19,1024.10,30.00,5.00,M,20.00,0.00
WMC,2023-03-25 05:56,-117.8072,40.9019,30.20,1024.50,30.00,5.00,M,350.00,T
WMC,2023-03-25 06:56,-117.8072,40.9019,30.20,1024.30,28.00,3.00,M,340.00,T
WMC,2023-03-25 07:56,-117.8072,40.9019,30.20,1024.60,26.10,4.00,M,270.00,0.00
WMC,2023-03-25 08:56,-117.8072,40.9019,30.20,1024.80,24.10,4.00,M,290.00,0.00
WMC,2023-03-25 09:56,-117.8072,40.9019,30.20,1024.90,21.90,3.00,M,220.00,0.00
WMC,2023-03-25 10:56,-117.8072,40.9019,30.20,1024.40,21.00,4.00,M,140.00,0.00
WMC,2023-03-25 11:56,-117.8072,40.9019,30.19,1024.60,19.90,5.00,M,170.00,0.00
WMC,2023-03-25 12:56,-117.8072,40.9019,30.19,1024.60,19.90,5.00,M,200.00,0.00
WMC,2023-03-25 13:56,-117.8072,40.9019,30.18,1024.80,21.00,3.00,M,100.00,0.00
WMC,2023-03-25 14:56,-117.8072,40.9019,30.18,1024.50,24.10,3.00,M,230.00,0.00
WMC,2023-03-25 15:56,-117.8072,40.9019,30.18,1024.10,28.00,3.00,M,190.00,0.00
WMC,2023-03-25 16:56,-117.8072,40.9019,30.16,1023.00,30.90,5.00,M,M,0.00
WMC,2023-03-25 17:56,-117.8072,40.9019,30.15,1022.60,33.00,6.00,M,230.00,0.00
WMC,2023-03-25 18:56,-117.8072,40.9019,30.13,1021.80,36.00,10.00,18.00,250.00,0.00
WMC,2023-03-25 19:56,-117.8072,40.9019,30.10,1020.70,38.00,12.00,19.00,260.00,0.00
WMC,2023-03-25 20:56,-117.8072,40.9019,30.07,1019.90,38.00,12.00,19.00,280.00,0.00
WMC,2023-03-25 21:56,-117.8072,40.9019,30.07,1020.10,36.00,17.00,28.00,290.00,0.00
WMC,2023-03-25 22:56,-117.8072,40.9019,30.05,1019.30,37.00,16.00,26.00,270.00,0.00
WMC,2023-03-25 23:56,-117.8072,40.9019,30.05,1019.90,33.00,17.00,24.00,350.00,0.00
WMC,2023-03-26 00:03,-117.8072,40.9019,30.05,M,33.00,15.00,24.00,350.00,0.00
WMC,2023-03-26 00:56,-117.8072,40.9019,30.05,1019.90,33.00,14.00,19.00,330.00,T
WMC,2023-03-26 01:56,-117.8072,40.9019,30.05,1020.30,30.90,6.00,M,360.00,0.00
WMC,2023-03-26 02:56,-117.8072,40.9019,30.06,1020.00,30.90,4.00,M,20.00,0.00
WMC,2023-03-26 03:56,-117.8072,40.9019,30.07,1020.00,30.00,3.00,M,20.00,0.00
WMC,2023-03-26 04:56,-117.8072,40.9019,30.07,1020.30,27.00,3.00,M,340.00,0.00
WMC,2023-03-26 05:56,-117.8072,40.9019,30.07,1020.20,24.10,4.00,M,300.00,0.00
WMC,2023-03-26 06:56,-117.8072,40.9019,30.06,1019.80,24.10,3.00,M,310.00,0.00
WMC,2023-03-26 07:56,-117.8072,40.9019,30.07,1019.80,24.10,6.00,M,270.00,0.00
WMC,2023-03-26 08:56,-117.8072,40.9019,30.07,1019.90,21.90,4.00,M,280.00,0.00
WMC,2023-03-26 09:56,-117.8072,40.9019,30.06,1019.70,23.00,3.00,M,220.00,0.00
WMC,2023-03-26 10:56,-117.8072,40.9019,30.06,1019.70,21.90,0.00,M,0.00,0.00
WMC,2023-03-26 11:56,-117.8072,40.9019,30.07,1020.30,21.90,4.00,M,250.00,0.00
WMC,2023-03-26 12:56,-117.8072,40.9019,30.08,1020.60,21.90,6.00,M,270.00,0.00
WMC,2023-03-26 13:56,-117.8072,40.9019,30.09,1021.20,23.00,4.00,M,310.00,0.00
WMC,2023-03-26 14:56,-117.8072,40.9019,30.11,1021.50,26.10,5.00,M,310.00,T
WMC,2023-03-26 14:58,-117.8072,40.9019,30.11,M,26.10,6.00,M,310.00,T
WMC,2023-03-26 15:01,-117.8072,40.9019,30.11,M,26.10,7.00,M,320.00,T
WMC,2023-03-26 15:07,-117.8072,40.9019,30.11,M,25.00,7.00,M,330.00,T
WMC,2023-03-26 15:15,-117.8072,40.9019,30.11,M,25.00,8.00,M,330.00,0.01
WMC,2023-03-26 15:30,-117.8072,40.9019,30.12,M,24.10,6.00,M,330.00,0.02
WMC,2023-03-26 15:36,-117.8072,40.9019,30.12,M,25.00,6.00,M,310.00,0.02
WMC,2023-03-26 15:50,-117.8072,40.9019,30.12,M,24.80,7.00,M,320.00,0.02
WMC,2023-03-26 15:56,-117.8072,40.9019,30.13,1022.30,25.00,5.00,M,310.00,0.02
WMC,2023-03-26 16:18,-117.8072,40.9019,30.13,M,25.00,5.00,M,300.00,0.01
WMC,2023-03-26 16:22,-117.8072,40.9019,30.13,M,25.00,5.00,M,290.00,0.01
WMC,2023-03-26 16:32,-117.8072,40.9019,30.14,M,25.00,5.00,M,280.00,0.01
WMC,2023-03-26 16:43,-117.8072,40.9019,30.14,M,26.10,4.00,M,300.00,0.01
WMC,2023-03-26 16:51,-117.8072,40.9019,30.14,M,26.60,5.00,M,310.00,0.01
WMC,2023-03-26 16:56,-117.8072,40.9019,30.14,1023.20,27.00,4.00,M,320.00,0.01
WMC,2023-03-26 16:59,-117.8072,40.9019,30.15,M,27.00,5.00,M,340.00,T
WMC,2023-03-26 17:15,-117.8072,40.9019,30.15,M,27.00,8.00,M,340.00,0.01
WMC,2023-03-26 17:19,-117.8072,40.9019,30.15,M,27.00,7.00,M,360.00,0.01
WMC,2023-03-26 17:28,-117.8072,40.9019,30.15,M,30.00,8.00,M,350.00,0.01
WMC,2023-03-26 17:56,-117.8072,40.9019,30.16,1023.50,30.00,9.00,15.00,320.00,0.01
WMC,2023-03-26 18:56,-117.8072,40.9019,30.15,1023.30,30.90,8.00,M,320.00,0.00
WMC,2023-03-26 19:56,-117.8072,40.9019,30.15,1022.80,35.00,7.00,M,250.00,0.00
WMC,2023-03-26 20:56,-117.8072,40.9019,30.15,1023.10,33.00,6.00,M,250.00,T
WMC,2023-03-26 21:56,-117.8072,40.9019,30.14,1022.80,33.00,4.00,M,40.00,0.01
WMC,2023-03-26 22:56,-117.8072,40.9019,30.15,1023.80,28.90,9.00,M,310.00,T
WMC,2023-03-26 23:56,-117.8072,40.9019,30.15,1023.10,33.00,9.00,M,300.00,0.00
WMC,2023-03-27 00:56,-117.8072,40.9019,30.16,1023.60,32.00,6.00,M,330.00,0.00
WMC,2023-03-27 01:56,-117.8072,40.9019,30.17,1024.00,32.00,4.00,M,310.00,0.00
WMC,2023-03-27 02:56,-117.8072,40.9019,30.19,1025.20,26.10,4.00,M,190.00,0.00
WMC,2023-03-27 03:56,-117.8072,40.9019,30.21,1025.90,25.00,6.00,M,180.00,0.00
WMC,2023-03-27 04:56,-117.8072,40.9019,30.22,1026.00,25.00,4.00,M,160.00,0.00
WMC,2023-03-27 05:56,-117.8072,40.9019,30.23,1026.20,24.10,6.00,M,150.00,0.00
WMC,2023-03-27 06:56,-117.8072,40.9019,30.24,1026.40,24.10,7.00,M,160.00,0.00
WMC,2023-03-27 07:56,-117.8072,40.9019,30.25,1026.20,24.10,7.00,M,180.00,0.00
WMC,2023-03-27 08:56,-117.8072,40.9019,30.26,1026.90,23.00,6.00,M,190.00,0.00
WMC,2023-03-27 09:56,-117.8072,40.9019,30.25,1026.90,21.00,4.00,M,170.00,0.00
WMC,2023-03-27 10:56,-117.8072,40.9019,30.26,1027.60,19.00,5.00,M,130.00,0.00
WMC,2023-03-27 11:56,-117.8072,40.9019,30.26,1027.50,19.00,6.00,M,140.00,0.00
WMC,2023-03-27 12:56,-117.8072,40.9019,30.26,1027.60,19.00,5.00,M,150.00,0.00
WMC,2023-03-27 13:56,-117.8072,40.9019,30.27,1027.70,19.00,6.00,M,90.00,0.00
WMC,2023-03-27 14:56,-117.8072,40.9019,30.28,1028.40,24.10,3.00,M,130.00,0.00
WMC,2023-03-27 15:56,-117.8072,40.9019,30.29,1028.10,28.00,5.00,M,120.00,0.00
WMC,2023-03-27 16:56,-117.8072,40.9019,30.28,1027.60,32.00,4.00,M,120.00,0.00
WMC,2023-03-27 17:56,-117.8072,40.9019,30.28,1027.30,36.00,10.00,M,180.00,0.00
WMC,2023-03-27 18:56,-117.8072,40.9019,30.26,1026.30,39.00,10.00,17.00,170.00,0.00
WMC,2023-03-27 19:56,-117.8072,40.9019,30.23,1025.20,40.00,14.00,22.00,150.00,0.00
WMC,2023-03-27 20:56,-117.8072,40.9019,30.21,1024.40,42.00,16.00,21.00,170.00,0.00
WMC,2023-03-27 21:56,-117.8072,40.9019,30.17,1023.10,43.00,12.00,20.00,140.00,0.00
WMC,2023-03-27 22:56,-117.8072,40.9019,30.14,1022.50,43.00,10.00,M,160.00,0.00
WMC,2023-03-27 23:56,-117.8072,40.9019,30.11,1021.40,43.00,9.00,M,130.00,0.00
WMC,2023-03-28 00:56,-117.8072,40.9019,30.10,1020.90,42.00,10.00,M,140.00,0.00
WMC,2023-03-28 01:56,-117.8072,40.9019,30.09,1020.90,41.00,5.00,M,140.00,0.00
WMC,2023-03-28 02:56,-117.8072,40.9019,30.07,1019.70,40.00,6.00,M,140.00,0.00
WMC,2023-03-28 03:56,-117.8072,40.9019,30.05,1018.80,39.00,10.00,M,170.00,0.00
WMC,2023-03-28 04:56,-117.8072,40.9019,30.04,1017.80,39.00,12.00,M,170.00,0.00
WMC,2023-03-28 05:56,-117.8072,40.9019,30.03,1017.30,38.00,10.00,M,170.00,0.00
WMC,2023-03-28 06:56,-117.8072,40.9019,30.01,1016.70,37.00,10.00,M,180.00,0.00
WMC,2023-03-28 07:56,-117.8072,40.9019,30.00,1016.10,37.00,10.00,M,180.00,0.00
WMC,2023-03-28 08:56,-117.8072,40.9019,29.99,1015.40,37.00,9.00,M,200.00,0.00
WMC,2023-03-28 09:56,-117.8072,40.9019,29.96,1014.50,37.00,12.00,M,170.00,0.00
WMC,2023-03-28 10:56,-117.8072,40.9019,29.94,1013.90,37.00,10.00,M,190.00,0.00
WMC,2023-03-28 11:56,-117.8072,40.9019,29.92,1012.90,38.00,14.00,20.00,180.00,0.00
WMC,2023-03-28 12:56,-117.8072,40.9019,29.90,1012.50,36.00,5.00,M,200.00,0.00
WMC,2023-03-28 13:56,-117.8072,40.9019,29.89,1012.30,36.00,10.00,M,210.00,0.00
WMC,2023-03-28 14:56,-117.8072,40.9019,29.87,1011.50,38.00,13.00,M,190.00,0.00
WMC,2023-03-28 15:56,-117.8072,40.9019,29.86,1010.80,41.00,13.00,M,180.00,0.00
WMC,2023-03-28 16:56,-117.8072,40.9019,29.82,1009.20,46.00,10.00,19.00,180.00,0.00
WMC,2023-03-28 17:56,-117.8072,40.9019,29.79,1007.90,49.00,17.00,24.00,170.00,0.00
WMC,2023-03-28 18:56,-117.8072,40.9019,29.76,1006.60,54.00,18.00,28.00,160.00,0.00
WMC,2023-03-28 19:56,-117.8072,40.9019,29.72,1004.80,58.00,18.00,30.00,160.00,0.00
WMC,2023-03-28 20:56,-117.8072,40.9019,29.68,1003.50,57.00,17.00,24.00,180.00,0.00
WMC,2023-03-28 21:56,-117.8072,40.9019,29.66,1002.80,58.00,22.00,31.00,180.00,0.00
WMC,2023-03-28 22:56,-117.8072,40.9019,29.65,1002.30,59.00,19.00,29.00,220.00,0.00
WMC,2023-03-28 23:15,-117.8072,40.9019,29.64,M,57.00,15.00,26.00,230.00,0.00
WMC,2023-03-28 23:24,-117.8072,40.9019,29.65,M,57.00,18.00,M,230.00,0.00
WMC,2023-03-28 23:56,-117.8072,40.9019,29.66,1002.70,55.00,18.00,32.00,230.00,0.00
WMC,2023-03-29 00:56,-117.8072,40.9019,29.68,1004.30,49.00,19.00,34.00,210.00,0.00
WMC,2023-03-29 01:32,-117.8072,40.9019,29.72,M,39.00,11.00,M,280.00,T
WMC,2023-03-29 01:39,-117.8072,40.9019,29.72,M,39.00,14.00,17.00,300.00,T
WMC,2023-03-29 01:56,-117.8072,40.9019,29.72,1006.80,37.00,10.00,M,300.00,T
WMC,2023-03-29 02:03,-117.8072,40.9019,29.72,M,37.00,12.00,M,290.00,T
WMC,2023-03-29 02:22,-117.8072,40.9019,29.72,M,37.00,9.00,M,270.00,0.01
WMC,2023-03-29 02:43,-117.8072,40.9019,29.74,M,36.00,8.00,M,270.00,0.03
WMC,2023-03-29 02:56,-117.8072,40.9019,29.73,1007.10,35.00,9.00,M,270.00,0.05
WMC,2023-03-29 03:23,-117.8072,40.9019,29.74,M,34.00,3.00,M,290.00,0.03
WMC,2023-03-29 03:39,-117.8072,40.9019,29.74,M,33.00,4.00,M,20.00,0.05
WMC,2023-03-29 03:56,-117.8072,40.9019,29.75,1007.70,33.00,0.00,M,0.00,0.07
WMC,2023-03-29 04:52,-117.8072,40.9019,29.77,M,33.80,0.00,M,0.00,0.07
WMC,2023-03-29 04:56,-117.8072,40.9019,29.76,1007.60,33.00,3.00,M,360.00,0.08
WMC,2023-03-29 05:21,-117.8072,40.9019,29.76,M,33.00,4.00,M,10.00,0.04
WMC,2023-03-29 05:38,-117.8072,40.9019,29.76,M,33.00,3.00,M,350.00,0.06
WMC,2023-03-29 05:56,-117.8072,40.9019,29.76,1007.30,33.00,5.00,M,20.00,0.09
WMC,2023-03-29 06:17,-117.8072,40.9019,29.75,M,33.00,7.00,M,40.00,0.04
WMC,2023-03-29 06:41,-117.8072,40.9019,29.74,M,33.00,5.00,M,50.00,0.06
WMC,2023-03-29 06:56,-117.8072,40.9019,29.74,1006.20,33.00,7.00,M,40.00,0.07
WMC,2023-03-29 07:11,-117.8072,40.9019,29.74,M,33.00,5.00,M,50.00,0.02
WMC,2023-03-29 07:29,-117.8072,40.9019,29.74,M,33.00,4.00,M,30.00,0.05
WMC,2023-03-29 07:41,-117.8072,40.9019,29.74,M,33.00,0.00,M,0.00,0.06
WMC,2023-03-29 07:56,-117.8072,40.9019,29.73,1005.60,33.00,3.00,M,50.00,0.09
WMC,2023-03-29 08:22,-117.8072,40.9019,29.73,M,33.00,4.00,M,10.00,0.03
WMC,2023-03-29 08:30,-117.8072,40.9019,29.73,M,33.00,5.00,M,30.00,0.04
WMC,2023-03-29 08:56,-117.8072,40.9019,29.73,1005.60,33.00,5.00,M,20.00,0.07
WMC,2023-03-29 09:56,-117.8072,40.9019,29.73,1005.60,32.00,5.00,M,350.00,0.11
WMC,2023-03-29 10:56,-117.8072,40.9019,29.72,1005.30,32.00,0.00,M,0.00,0.11
WMC,2023-03-29 11:05,-117.8072,40.9019,29.72,M,32.00,5.00,M,60.00,0.01
WMC,2023-03-29 11:16,-117.8072,40.9019,29.71,M,32.00,7.00,M,50.00,0.02
WMC,2023-03-29 11:33,-117.8072,40.9019,29.72,M,32.00,4.00,M,70.00,0.02
WMC,2023-03-29 11:44,-117.8072,40.9019,29.71,M,32.00,5.00,M,90.00,0.02
WMC,2023-03-29 11:48,-117.8072,40.9019,29.71,M,32.00,5.00,M,100.00,0.02
WMC,2023-03-29 11:56,-117.8072,40.9019,29.70,1004.90,32.00,7.00,M,100.00,0.03
WMC,2023-03-29 11:58,-117.8072,40.9019,29.71,M,32.00,6.00,M,100.00,T
WMC,2023-03-29 12:05,-117.8072,40.9019,29.72,M,32.00,5.00,M,130.00,T
WMC,2023-03-29 12:56,-117.8072,40.9019,29.72,1006.00,32.00,5.00,M,170.00,T
WMC,2023-03-29 14:16,-117.8072,40.9019,29.73,M,27.00,3.00,M,260.00,0.00
WMC,2023-03-29 14:24,-117.8072,40.9019,29.75,M,27.00,5.00,M,240.00,0.00
WMC,2023-03-29 14:28,-117.8072,40.9019,29.75,M,27.00,6.00,M,250.00,0.00
WMC,2023-03-29 14:30,-117.8072,40.9019,29.75,M,27.00,6.00,M,250.00,0.00
WMC,2023-03-29 14:56,-117.8072,40.9019,29.75,1008.60,27.00,0.00,M,0.00,0.00
WMC,2023-03-29 15:56,-117.8072,40.9019,29.76,1009.00,28.90,5.00,M,310.00,0.00
WMC,2023-03-29 16:56,-117.8072,40.9019,29.75,1008.50,30.90,0.00,M,0.00,0.00
WMC,2023-03-29 17:56,-117.8072,40.9019,29.77,1009.10,33.00,0.00,M,0.00,0.00
WMC,2023-03-29 18:56,-117.8072,40.9019,29.76,1008.50,35.00,0.00,M,0.00,0.00
WMC,2023-03-29 19:56,-117.8072,40.9019,29.76,1008.20,39.00,0.00,M,0.00,0.00
WMC,2023-03-29 20:56,-117.8072,40.9019,29.75,1008.10,37.00,0.00,M,0.00,0.00
WMC,2023-03-29 21:56,-117.8072,40.9019,29.74,1007.80,38.00,0.00,M,0.00,0.00
WMC,2023-03-29 22:56,-117.8072,40.9019,29.74,1007.30,39.00,6.00,M,150.00,0.00
WMC,2023-03-29 23:56,-117.8072,40.9019,29.72,1006.70,39.00,8.00,M,180.00,0.00
WMC,2023-03-30 00:56,-117.8072,40.9019,29.71,1006.70,38.00,5.00,M,180.00,0.00
WMC,2023-03-30 01:56,-117.8072,40.9019,29.71,1007.10,33.00,5.00,M,160.00,0.00
WMC,2023-03-30 02:56,-117.8072,40.9019,29.71,1007.80,28.90,5.00,M,170.00,0.00
WMC,2023-03-30 03:56,-117.8072,40.9019,29.72,1008.30,26.10,6.00,M,170.00,0.00
WMC,2023-03-30 04:56,-117.8072,40.9019,29.73,1008.40,27.00,8.00,M,170.00,0.00
WMC,2023-03-30 05:56,-117.8072,40.9019,29.73,1008.40,24.10,0.00,M,0.00,0.00
WMC,2023-03-30 06:56,-117.8072,40.9019,29.74,1008.50,23.00,5.00,M,170.00,0.00
WMC,2023-03-30 07:56,-117.8072,40.9019,29.75,1008.80,21.00,7.00,M,160.00,0.00
WMC,2023-03-30 08:56,-117.8072,40.9019,29.75,1009.00,21.00,0.00,M,0.00,0.00
WMC,2023-03-30 09:56,-117.8072,40.9019,29.75,1009.00,19.90,6.00,M,140.00,0.00
WMC,2023-03-30 10:56,-117.8072,40.9019,29.75,1009.00,19.00,5.00,M,120.00,0.00
WMC,2023-03-30 11:56,-117.8072,40.9019,29.74,1009.00,15.10,0.00,M,0.00,0.00
WMC,2023-03-30 12:56,-117.8072,40.9019,29.75,1009.30,15.10,3.00,M,130.00,0.00
WMC,2023-03-30 13:56,-117.8072,40.9019,29.76,1010.50,12.90,3.00,M,240.00,0.00
WMC,2023-03-30 14:56,-117.8072,40.9019,29.77,1010.50,21.90,0.00,M,0.00,0.00
WMC,2023-03-30 15:56,-117.8072,40.9019,29.78,1010.30,30.00,0.00,M,0.00,0.00
WMC,2023-03-30 16:56,-117.8072,40.9019,29.79,1010.30,33.00,3.00,M,220.00,0.00
WMC,2023-03-30 17:56,-117.8072,40.9019,29.79,1010.10,37.00,4.00,M,230.00,0.00
WMC,2023-03-30 18:56,-117.8072,40.9019,29.79,1010.10,39.00,8.00,M,180.00,0.00
WMC,2023-03-30 19:56,-117.8072,40.9019,29.79,1010.10,41.00,5.00,M,M,0.00
WMC,2023-03-30 20:56,-117.8072,40.9019,29.79,1009.80,45.00,14.00,M,260.00,0.00
WMC,2023-03-30 21:56,-117.8072,40.9019,29.79,1009.80,45.00,11.00,18.00,270.00,0.00
WMC,2023-03-30 22:56,-117.8072,40.9019,29.79,1009.90,46.00,13.00,M,260.00,0.00
WMC,2023-03-30 23:56,-117.8072,40.9019,29.79,1010.20,46.00,13.00,20.00,270.00,0.00
WMC,2023-03-31 00:56,-117.8072,40.9019,29.80,1010.40,46.00,5.00,M,270.00,0.00
WMC,2023-03-31 01:56,-117.8072,40.9019,29.82,1011.50,42.00,6.00,M,320.00,0.00
WMC,2023-03-31 02:56,-117.8072,40.9019,29.84,1012.20,36.00,4.00,M,230.00,0.00
WMC,2023-03-31 03:56,-117.8072,40.9019,29.88,1012.70,36.00,5.00,M,290.00,0.00
WMC,2023-03-31 04:56,-117.8072,40.9019,29.91,1013.60,35.00,3.00,M,160.00,0.00
WMC,2023-03-31 05:56,-117.8072,40.9019,29.92,1013.70,35.00,7.00,M,250.00,0.00
WMC,2023-03-31 06:56,-117.8072,40.9019,29.93,1013.90,34.00,7.00,M,220.00,0.00
WMC,2023-03-31 07:56,-117.8072,40.9019,29.94,1014.10,35.00,0.00,M,0.00,0.00
WMC,2023-03-31 08:56,-117.8072,40.9019,29.95,1014.30,33.00,5.00,M,150.00,0.00
WMC,2023-03-31 09:56,-117.8072,40.9019,29.97,1014.60,36.00,6.00,M,230.00,0.00
WMC,2023-03-31 10:56,-117.8072,40.9019,29.98,1015.00,36.00,8.00,M,240.00,0.00
WMC,2023-03-31 11:56,-117.8072,40.9019,29.99,1015.40,36.00,4.00,M,120.00,0.00
WMC,2023-03-31 12:56,-117.8072,40.9019,30.01,1016.00,36.00,12.00,18.00,170.00,0.00
WMC,2023-03-31 13:56,-117.8072,40.9019,30.03,1017.00,36.00,8.00,M,190.00,0.00
WMC,2023-03-31 14:56,-117.8072,40.9019,30.05,1018.20,37.00,7.00,M,170.00,0.00
WMC,2023-03-31 15:56,-117.8072,40.9019,30.07,1018.70,38.00,8.00,M,190.00,0.00
WMC,2023-03-31 16:56,-117.8072,40.9019,30.09,1019.30,40.00,7.00,M,200.00,0.00
WMC,2023-03-31 17:56,-117.8072,40.9019,30.09,1019.30,42.00,12.00,M,220.00,0.00
WMC,2023-03-31 18:56,-117.8072,40.9019,30.09,1019.10,45.00,12.00,M,210.00,0.00
WMC,2023-03-31 19:56,-117.8072,40.9019,30.08,1018.60,46.00,10.00,17.00,200.00,0.00
WMC,2023-03-31 20:56,-117.8072,40.9019,30.07,1018.20,48.00,12.00,17.00,180.00,0.00
WMC,2023-03-31 21:56,-117.8072,40.9019,30.05,1017.30,50.00,12.00,20.00,200.00,0.00
WMC,2023-03-31 22:56,-117.8072,40.9019,30.04,1016.60,51.00,12.00,21.00,170.00,0.00
WMC,2023-03-31 23:56,-117.8072,40.9019,30.04,1016.50,51.00,12.00,M,190.00,0.00
WMC,2023-04-01 00:56,-117.8072,40.9019,30.03,1016.60,50.00,10.00,M,200.00,0.00
WMC,2023-04-01 01:56,-117.8072,40.9019,30.04,1017.10,46.00,8.00,M,200.00,0.00
WMC,2023-04-01 02:56,-117.8072,40.9019,30.05,1017.80,40.00,4.00,M,210.00,0.00
WMC,2023-04-01 03:56,-117.8072,40.9019,30.07,1018.20,41.00,6.00,M,280.00,0.00
WMC,2023-04-01 04:56,-117.8072,40.9019,30.08,1019.00,36.00,6.00,M,150.00,0.00
WMC,2023-04-01 05:56,-117.8072,40.9019,30.06,1018.00,37.00,7.00,M,200.00,0.00
WMC,2023-04-01 06:56,-117.8072,40.9019,30.06,1017.40,40.00,10.00,M,230.00,0.00
WMC,2023-04-01 07:56,-117.8072,40.9019,30.07,1017.90,39.00,11.00,M,260.00,0.00
WMC,2023-04-01 08:56,-117.8072,40.9019,30.07,1017.70,38.00,9.00,M,300.00,0.00
WMC,2023-04-01 09:56,-117.8072,40.9019,30.06,1017.80,34.00,3.00,M,M,0.00
WMC,2023-04-01 10:56,-117.8072,40.9019,30.05,1017.20,35.00,6.00,M,270.00,0.00
WMC,2023-04-01 11:56,-117.8072,40.9019,30.05,1016.80,36.00,5.00,M,260.00,0.00
WMC,2023-04-01 12:56,-117.8072,40.9019,30.04,1016.70,35.00,5.00,M,230.00,0.00
WMC,2023-04-01 13:56,-117.8072,40.9019,30.05,1017.30,37.00,5.00,M,240.00,0.00
WMC,2023-04-01 14:56,-117.8072,40.9019,30.05,1017.80,40.00,7.00,M,190.00,0.00
WMC,2023-04-01 15:56,-117.8072,40.9019,30.06,1017.40,44.00,9.00,M,200.00,0.00
WMC,2023-04-01 16:56,-117.8072,40.9019,30.05,1017.30,45.00,13.00,20.00,180.00,0.00
WMC,2023-04-01 17:56,-117.8072,40.9019,30.04,1016.80,49.00,11.00,17.00,200.00,0.00
WMC,2023-04-01 18:56,-117.8072,40.9019,30.03,1016.20,50.00,16.00,28.00,230.00,0.00
WMC,2023-04-01 19:56,-117.8072,40.9019,30.01,1015.00,54.00,19.00,29.00,220.00,0.00
WMC,2023-04-01 20:56,-117.8072,40.9019,29.99,1014.10,57.00,21.00,35.00,240.00,0.00
WMC,2023-04-01 21:56,-117.8072,40.9019,29.97,1014.10,53.00,18.00,27.00,230.00,0.00
WMC,2023-04-01 22:56,-117.8072,40.9019,29.96,1013.80,53.00,14.00,26.00,260.00,0.00
WMC,2023-04-01 23:56,-117.8072,40.9019,29.96,1013.90,52.00,19.00,28.00,250.00,T
WMC,2023-04-02 00:56,-117.8072,40.9019,29.96,1014.00,52.00,16.00,24.00,250.00,0.00
WMC,2023-04-02 01:56,-117.8072,40.9019,29.96,1013.90,50.00,12.00,M,260.00,0.00
WMC,2023-04-02 02:56,-117.8072,40.9019,29.96,1014.00,48.00,10.00,M,270.00,T
WMC,2023-04-02 03:56,-117.8072,40.9019,29.99,1014.60,46.00,9.00,M,260.00,T
WMC,2023-04-02 04:56,-117.8072,40.9019,30.00,1014.80,46.00,9.00,M,230.00,T
WMC,2023-04-02 05:56,-117.8072,40.9019,29.99,1014.40,46.00,3.00,M,M,0.00
WMC,2023-04-02 06:56,-117.8072,40.9019,29.97,1013.80,46.00,10.00,16.00,220.00,0.00
WMC,2023-04-02 07:56,-117.8072,40.9019,29.97,1013.10,45.00,10.00,27.00,220.00,T
WMC,2023-04-02 08:56,-117.8072,40.9019,29.95,1012.50,45.00,10.00,17.00,250.00,T
WMC,2023-04-02 09:56,-117.8072,40.9019,29.94,1012.40,44.00,10.00,24.00,230.00,0.00
WMC,2023-04-02 10:56,-117.8072,40.9019,29.94,1012.30,44.00,10.00,M,220.00,0.00
WMC,2023-04-02 11:56,-117.8072,40.9019,29.94,1012.80,40.00,4.00,M,160.00,0.01
WMC,2023-04-02 12:56,-117.8072,40.9019,29.96,1013.40,40.00,6.00,M,10.00,T
WMC,2023-04-02 13:56,-117.8072,40.9019,29.96,1013.60,39.00,3.00,M,M,0.01
WMC,2023-04-02 14:56,-117.8072,40.9019,29.97,1014.10,40.00,3.00,M,330.00,0.00
WMC,2023-04-02 15:56,-117.8072,40.9019,29.95,1013.60,42.00,4.00,M,170.00,T
WMC,2023-04-02 16:56,-117.8072,40.9019,29.95,1013.30,42.00,8.00,M,230.00,T
WMC,2023-04-02 17:54,-117.8072,40.9019,29.94,M,42.80,4.00,M,210.00,T
WMC,2023-04-02 17:56,-117.8072,40.9019,29.94,1013.00,43.00,3.00,M,230.00,T
WMC,2023-04-02 18:15,-117.8072,40.9019,29.92,M,44.00,3.00,M,50.00,0.00
WMC,2023-04-02 18:56,-117.8072,40.9019,29.90,1011.30,46.00,6.00,M,M,0.00
WMC,2023-04-02 19:56,-117.8072,40.9019,29.87,1010.50,44.00,8.00,M,340.00,T
WMC,2023-04-02 20:56,-117.8072,40.9019,29.84,1009.40,45.00,5.00,M,50.00,0.01
WMC,2023-04-02 21:56,-117.8072,40.9019,29.80,1008.20,44.00,5.00,M,30.00,T
WMC,2023-04-02 22:56,-117.8072,40.9019,29.77,1007.00,45.00,7.00,M,40.00,T
WMC,2023-04-02 23:56,-117.8072,40.9019,29.76,1007.20,44.00,5.00,M,340.00,0.00
WMC,2023-04-03 00:56,-117.8072,40.9019,29.78,1008.20,42.00,12.00,M,330.00,T
WMC,2023-04-03 01:56,-117.8072,40.9019,29.79,1008.60,38.00,9.00,M,320.00,T
WMC,2023-04-03 02:56,-117.8072,40.9019,29.79,1008.90,36.00,6.00,M,280.00,T
WMC,2023-04-03 03:56,-117.8072,40.9019,29.79,1008.60,36.00,5.00,14.00,250.00,T
WMC,2023-04-03 04:53,-117.8072,40.9019,29.79,M,33.80,12.00,22.00,270.00,T
WMC,2023-04-03 04:56,-117.8072,40.9019,29.79,1008.90,34.00,12.00,21.00,260.00,T
WMC,2023-04-03 04:59,-117.8072,40.9019,29.79,M,34.00,13.00,19.00,260.00,T
WMC,2023-04-03 05:06,-117.8072,40.9019,29.79,M,33.00,13.00,22.00,260.00,T
WMC,2023-04-03 05:17,-117.8072,40.9019,29.79,M,33.00,11.00,M,260.00,0.02
WMC,2023-04-03 05:46,-117.8072,40.9019,29.78,M,32.00,6.00,M,290.00,0.06
WMC,2023-04-03 05:56,-117.8072,40.9019,29.78,1008.90,30.90,11.00,20.00,360.00,0.08
WMC,2023-04-03 06:23,-117.8072,40.9019,29.79,M,30.00,7.00,M,330.00,0.04
WMC,2023-04-03 06:33,-117.8072,40.9019,29.80,M,30.00,5.00,M,330.00,0.05
WMC,2023-04-03 06:56,-117.8072,40.9019,29.79,1009.00,30.00,7.00,M,330.00,0.07
WMC,2023-04-03 07:04,-117.8072,40.9019,29.80,M,30.00,5.00,M,310.00,0.01
WMC,2023-04-03 07:13,-117.8072,40.9019,29.80,M,30.00,5.00,M,320.00,0.01
WMC,2023-04-03 07:56,-117.8072,40.9019,29.79,1009.10,28.90,0.00,M,0.00,0.01
WMC,2023-04-03 08:02,-117.8072,40.9019,29.79,M,30.00,0.00,M,0.00,T
WMC,2023-04-03 08:17,-117.8072,40.9019,29.79,M,28.90,3.00,M,180.00,0.01
WMC,2023-04-03 08:22,-117.8072,40.9019,29.78,M,30.00,0.00,M,0.00,0.01
WMC,2023-04-03 08:41,-117.8072,40.9019,29.77,M,28.90,0.00,M,0.00,0.02
WMC,2023-04-03 08:45,-117.8072,40.9019,29.77,M,28.90,3.00,M,220.00,0.02
WMC,2023-04-03 08:56,-117.8072,40.9019,29.77,1008.30,28.90,3.00,M,220.00,0.02
WMC,2023-04-03 09:56,-117.8072,40.9019,29.76,1008.40,25.00,3.00,M,230.00,T
WMC,2023-04-03 10:56,-117.8072,40.9019,29.75,1008.00,26.10,3.00,M,50.00,0.00
WMC,2023-04-03 11:12,-117.8072,40.9019,29.75,M,27.00,3.00,M,330.00,0.00
WMC,2023-04-03 11:32,-117.8072,40.9019,29.75,M,27.00,7.00,M,280.00,T
WMC,2023-04-03 11:39,-117.8072,40.9019,29.75,M,28.00,9.00,M,280.00,T
WMC,2023-04-03 11:43,-117.8072,40.9019,29.75,M,28.00,10.00,M,290.00,T
WMC,2023-04-03 11:47,-117.8072,40.9019,29.75,M,28.00,13.00,M,310.00,T
WMC,2023-04-03 11:56,-117.8072,40.9019,29.76,1008.00,27.00,10.00,M,320.00,0.02
WMC,2023-04-03 12:02,-117.8072,40.9019,29.75,M,27.00,11.00,M,320.00,T
WMC,2023-04-03 12:10,-117.8072,40.9019,29.76,M,27.00,9.00,M,320.00,0.02
WMC,2023-04-03 12:18,-117.8072,40.9019,29.75,M,27.00,9.00,M,310.00,0.03
WMC,2023-04-03 12:21,-117.8072,40.9019,29.75,M,27.00,9.00,M,310.00,0.04
WMC,2023-04-03 12:32,-117.8072,40.9019,29.75,M,27.00,7.00,M,310.00,0.04
WMC,2023-04-03 12:39,-117.8072,40.9019,29.75,M,27.00,6.00,M,290.00,0.04
WMC,2023-04-03 12:42,-117.8072,40.9019,29.75,M,27.00,8.00,M,300.00,0.04
WMC,2023-04-03 12:50,-117.8072,40.9019,29.75,M,26.60,8.00,M,290.00,0.04
WMC,2023-04-03 12:51,-117.8072,40.9019,29.75,1008.00,27.00,9.00,M,300.00,0.04
WMC,2023-04-03 12:59,-117.8072,40.9019,29.75,M,27.00,9.00,M,300.00,T
WMC,2023-04-03 13:08,-117.8072,40.9019,29.75,M,27.00,8.00,M,300.00,T
WMC,2023-04-03 13:13,-117.8072,40.9019,29.75,M,27.00,10.00,M,310.00,T
WMC,2023-04-03 13:18,-117.8072,40.9019,29.75,M,27.00,9.00,M,330.00,T
WMC,2023-04-03 13:28,-117.8072,40.9019,29.75,M,27.00,10.00,16.00,340.00,0.01
WMC,2023-04-03 13:38,-117.8072,40.9019,29.75,M,26.10,14.00,20.00,350.00,0.01
WMC,2023-04-03 13:56,-117.8072,40.9019,29.76,1008.70,26.10,10.00,18.00,330.00,0.01
WMC,2023-04-03 14:12,-117.8072,40.9019,29.76,M,26.10,12.00,M,340.00,T
WMC,2023-04-03 14:18,-117.8072,40.9019,29.76,M,26.10,10.00,M,340.00,T
WMC,2023-04-03 14:54,-117.8072,40.9019,29.77,M,26.60,7.00,M,330.00,T
WMC,2023-04-03 14:56,-117.8072,40.9019,29.78,1009.50,26.10,7.00,M,330.00,T
WMC,2023-04-03 15:56,-117.8072,40.9019,29.78,1009.70,27.00,8.00,M,350.00,0.00
WMC,2023-04-03 16:44,-117.8072,40.9019,29.79,M,28.00,7.00,M,330.00,T
WMC,2023-04-03 16:51,-117.8072,40.9019,29.79,M,28.40,9.00,M,330.00,T
WMC,2023-04-03 16:56,-117.8072,40.9019,29.80,1010.30,28.00,9.00,M,330.00,T
WMC,2023-04-03 17:56,-117.8072,40.9019,29.81,1011.00,28.90,13.00,20.00,340.00,T
WMC,2023-04-03 18:56,-117.8072,40.9019,29.82,1011.30,28.90,14.00,M,350.00,0.00
WMC,2023-04-03 19:32,-117.8072,40.9019,29.82,M,30.00,12.00,20.00,340.00,T
WMC,2023-04-03 19:34,-117.8072,40.9019,29.82,M,30.00,12.00,20.00,350.00,T
WMC,2023-04-03 19:44,-117.8072,40.9019,29.82,M,30.00,12.00,M,360.00,T
WMC,2023-04-03 19:47,-117.8072,40.9019,29.82,M,30.00,16.00,21.00,360.00,T
WMC,2023-04-03 19:50,-117.8072,40.9019,29.82,M,30.20,13.00,21.00,360.00,T
WMC,2023-04-03 19:56,-117.8072,40.9019,29.82,1011.20,30.00,11.00,20.00,360.00,T
WMC,2023-04-03 19:59,-117.8072,40.9019,29.82,M,30.00,10.00,M,360.00,T
WMC,2023-04-03 20:41,-117.8072,40.9019,29.82,M,30.00,14.00,19.00,360.00,T
WMC,2023-04-03 20:47,-117.8072,40.9019,29.83,M,30.00,11.00,M,10.00,T
WMC,2023-04-03 20:50,-117.8072,40.9019,29.82,M,30.20,11.00,M,360.00,T
WMC,2023-04-03 20:56,-117.8072,40.9019,29.82,1011.10,32.00,9.00,M,360.00,T
WMC,2023-04-03 21:56,-117.8072,40.9019,29.81,1011.30,33.00,8.00,M,340.00,T
WMC,2023-04-03 22:56,-117.8072,40.9019,29.82,1011.50,32.00,15.00,24.00,320.00,T
WMC,2023-04-03 23:56,-117.8072,40.9019,29.84,1012.10,30.00,10.00,23.00,10.00,T
WMC,2023-04-04 00:56,-117.8072,40.9019,29.84,1012.30,30.90,14.00,21.00,330.00,T
WMC,2023-04-04 01:56,-117.8072,40.9019,29.85,1012.60,28.90,7.00,M,320.00,0.00
WMC,2023-04-04 02:56,-117.8072,40.9019,29.86,1013.10,28.90,9.00,M,350.00,0.00
WMC,2023-04-04 03:56,-117.8072,40.9019,29.88,1014.10,26.10,5.00,M,110.00,0.00
WMC,2023-04-04 04:56,-117.8072,40.9019,29.89,1014.30,26.10,0.00,M,0.00,0.00
WMC,2023-04-04 05:56,-117.8072,40.9019,29.89,1014.20,27.00,0.00,M,0.00,T
WMC,2023-04-04 06:56,-117.8072,40.9019,29.90,1014.30,28.00,3.00,M,320.00,0.00
WMC,2023-04-04 07:56,-117.8072,40.9019,29.90,1014.40,27.00,7.00,M,300.00,T
WMC,2023-04-04 08:56,-117.8072,40.9019,29.91,1014.70,26.10,3.00,M,290.00,0.00
WMC,2023-04-04 09:56,-117.8072,40.9019,29.91,1014.60,27.00,4.00,M,290.00,0.00
WMC,2023-04-04 10:56,-117.8072,40.9019,29.92,1014.80,26.10,7.00,M,290.00,0.00
WMC,2023-04-04 11:56,-117.8072,40.9019,29.92,1015.30,26.10,7.00,M,310.00,0.00
WMC,2023-04-04 12:56,-117.8072,40.9019,29.94,1015.90,25.00,6.00,M,330.00,0.00
WMC,2023-04-04 13:56,-117.8072,40.9019,29.96,1016.40,26.10,7.00,M,330.00,0.00
WMC,2023-04-04 14:56,-117.8072,40.9019,29.97,1016.70,28.00,14.00,22.00,310.00,0.00
WMC,2023-04-04 15:56,-117.8072,40.9019,29.97,1016.90,30.00,16.00,24.00,310.00,0.00
WMC,2023-04-04 16:56,-117.8072,40.9019,29.99,1017.40,32.00,10.00,19.00,300.00,0.00
WMC,2023-04-04 20:56,-117.8072,40.9019,30.02,1018.00,36.00,8.00,21.00,320.00,T
WMC,2023-04-04 21:56,-117.8072,40.9019,30.02,1018.00,35.00,10.00,M,260.00,0.00
WMC,2023-04-04 22:56,-117.8072,40.9019,30.02,1017.80,38.00,9.00,M,250.00,T
WMC,2023-04-04 23:56,-117.8072,40.9019,30.03,1018.20,38.00,14.00,22.00,250.00,0.00
WMC,2023-04-05 00:56,-117.8072,40.9019,30.04,1018.90,34.00,7.00,M,110.00,T
WMC,2023-04-05 01:56,-117.8072,40.9019,30.04,1019.30,32.00,4.00,M,120.00,0.00
WMC,2023-04-05 02:56,-117.8072,40.9019,30.06,1019.50,30.90,5.00,M,190.00,0.00
WMC,2023-04-05 03:56,-117.8072,40.9019,30.07,1020.10,28.90,6.00,M,140.00,0.00
WMC,2023-04-05 04:56,-117.8072,40.9019,30.09,1020.30,30.90,7.00,M,190.00,0.00
WMC,2023-04-05 05:56,-117.8072,40.9019,30.09,1020.50,30.00,6.00,M,150.00,0.00
WMC,2023-04-05 06:56,-117.8072,40.9019,30.10,1020.90,28.00,6.00,M,150.00,0.00
WMC,2023-04-05 07:56,-117.8072,40.9019,30.10,1021.20,28.00,3.00,M,210.00,0.00
WMC,2023-04-05 08:56,-117.8072,40.9019,30.10,1021.10,26.10,5.00,M,230.00,0.00
WMC,2023-04-05 09:56,-117.8072,40.9019,30.11,1021.30,25.00,4.00,M,130.00,0.00
WMC,2023-04-05 10:56,-117.8072,40.9019,30.11,1021.20,24.10,3.00,M,100.00,0.00
WMC,2023-04-05 11:49,-117.8072,40.9019,30.12,M,24.10,4.00,M,120.00,0.00
WMC,2023-04-05 11:56,-117.8072,40.9019,30.13,1021.80,24.10,3.00,M,130.00,0.00
WMC,2023-04-05 12:56,-117.8072,40.9019,30.13,1022.50,21.90,5.00,M,150.00,0.00
WMC,2023-04-05 13:56,-117.8072,40.9019,30.15,1023.20,21.90,3.00,M,170.00,0.00
WMC,2023-04-05 14:56,-117.8072,40.9019,30.17,1023.40,28.90,4.00,M,200.00,0.00
WMC,2023-04-05 15:56,-117.8072,40.9019,30.18,1023.50,33.00,5.00,M,M,0.00
WMC,2023-04-05 16:56,-117.8072,40.9019,30.18,1023.40,34.00,0.00,M,0.00,0.00
WMC,2023-04-05 17:56,-117.8072,40.9019,30.19,1023.70,35.00,3.00,M,M,0.00
WMC,2023-04-05 18:56,-117.8072,40.9019,30.18,1023.50,37.00,4.00,M,170.00,0.00
WMC,2023-04-05 19:56,-117.8072,40.9019,30.18,1023.40,37.00,7.00,M,150.00,0.00
WMC,2023-04-05 20:56,-117.8072,40.9019,30.18,1023.00,42.00,9.00,M,210.00,0.00
WMC,2023-04-05 21:56,-117.8072,40.9019,30.17,1023.10,41.00,0.00,M,0.00,0.00
WMC,2023-04-05 22:56,-117.8072,40.9019,30.16,1022.70,42.00,0.00,M,0.00,0.00
WMC,2023-04-05 23:56,-117.8072,40.9019,30.15,1022.30,42.00,3.00,M,M,0.00
WMC,2023-04-06 00:56,-117.8072,40.9019,30.14,1022.30,42.00,4.00,M,M,0.00
WMC,2023-04-06 01:56,-117.8072,40.9019,30.14,1022.40,40.00,4.00,M,180.00,0.00
WMC,2023-04-06 02:56,-117.8072,40.9019,30.14,1022.10,34.00,6.00,M,160.00,0.00
WMC,2023-04-06 03:56,-117.8072,40.9019,30.15,1022.30,33.00,6.00,M,170.00,0.00
WMC,2023-04-06 05:56,-117.8072,40.9019,30.16,1022.50,32.00,7.00,M,170.00,0.00
WMC,2023-04-06 06:56,-117.8072,40.9019,30.16,1022.50,32.00,7.00,M,160.00,0.00
WMC,2023-04-06 07:56,-117.8072,40.9019,30.16,1022.60,30.00,7.00,M,160.00,0.00
WMC,2023-04-06 08:56,-117.8072,40.9019,30.16,1022.00,30.00,4.00,M,100.00,0.00
WMC,2023-04-06 09:56,-117.8072,40.9019,30.15,1021.90,28.00,5.00,M,80.00,0.00
WMC,2023-04-06 10:56,-117.8072,40.9019,30.15,1022.10,28.00,6.00,M,70.00,0.00
WMC,2023-04-06 11:56,-117.8072,40.9019,30.15,1021.90,28.90,7.00,M,80.00,0.00
WMC,2023-04-06 12:56,-117.8072,40.9019,30.15,1021.90,28.00,8.00,M,70.00,0.00
WMC,2023-04-06 13:56,-117.8072,40.9019,30.15,1022.10,28.00,9.00,M,70.00,0.00
WMC,2023-04-06 14:56,-117.8072,40.9019,30.16,1022.30,34.00,8.00,M,70.00,0.00
WMC,2023-04-06 15:56,-117.8072,40.9019,30.16,1022.10,38.00,8.00,M,80.00,0.00
WMC,2023-04-06 16:56,-117.8072,40.9019,30.16,1022.10,41.00,5.00,M,60.00,0.00
WMC,2023-04-06 17:56,-117.8072,40.9019,30.17,1021.90,45.00,6.00,M,M,0.00
WMC,2023-04-06 18:56,-117.8072,40.9019,30.14,1020.60,49.00,9.00,M,150.00,0.00
WMC,2023-04-06 19:56,-117.8072,40.9019,30.12,1019.90,51.00,8.00,15.00,160.00,0.00
WMC,2023-04-06 20:56,-117.8072,40.9019,30.10,1019.00,53.00,M,M,M,0.00
WMC,2023-04-06 21:56,-117.8072,40.9019,30.07,1018.00,56.00,12.00,17.00,170.00,0.00
WMC,2023-04-06 22:56,-117.8072,40.9019,30.04,1016.90,56.00,10.00,15.00,160.00,0.00
WMC,2023-04-06 23:56,-117.8072,40.9019,30.01,1015.90,57.00,7.00,15.00,130.00,0.00
WMC,2023-04-07 00:56,-117.8072,40.9019,30.00,1015.30,57.00,7.00,M,130.00,0.00
WMC,2023-04-07 01:56,-117.8072,40.9019,29.99,1015.50,51.00,4.00,M,130.00,0.00
WMC,2023-04-07 02:56,-117.8072,40.9019,29.98,1015.00,47.00,3.00,M,M,0.00
WMC,2023-04-07 03:56,-117.8072,40.9019,29.98,1014.80,46.00,5.00,M,80.00,0.00
WMC,2023-04-07 04:56,-117.8072,40.9019,29.98,1014.70,45.00,8.00,M,70.00,0.00
WMC,2023-04-07 05:56,-117.8072,40.9019,29.97,1013.90,45.00,9.00,M,70.00,0.00
WMC,2023-04-07 06:56,-117.8072,40.9019,29.95,1013.10,45.00,9.00,M,70.00,0.00
WMC,2023-04-07 07:56,-117.8072,40.9019,29.95,1012.90,43.00,8.00,M,80.00,0.00
WMC,2023-04-07 08:56,-117.8072,40.9019,29.94,1012.60,43.00,6.00,M,70.00,0.00
WMC,2023-04-07 09:56,-117.8072,40.9019,29.93,1012.00,43.00,6.00,M,90.00,0.00
WMC,2023-04-07 10:56,-117.8072,40.9019,29.93,1011.80,43.00,7.00,M,70.00,0.00
WMC,2023-04-07 11:56,-117.8072,40.9019,29.92,1011.70,43.00,5.00,M,50.00,0.00
WMC,2023-04-07 12:56,-117.8072,40.9019,29.92,1011.50,43.00,7.00,M,70.00,0.00
WMC,2023-04-07 13:56,-117.8072,40.9019,29.93,1012.50,40.00,3.00,M,340.00,0.00
WMC,2023-04-07 14:56,-117.8072,40.9019,29.93,1012.60,44.00,0.00,M,0.00,0.00
WMC,2023-04-10 04:56,-117.8072,40.9019,30.22,1021.30,52.00,4.00,M,80.00,0.00
WMC,2023-04-10 05:56,-117.8072,40.9019,30.22,1020.80,52.00,6.00,M,100.00,0.00
WMC,2023-04-10 06:56,-117.8072,40.9019,30.22,1020.40,53.00,7.00,M,70.00,0.00
WMC,2023-04-10 07:56,-117.8072,40.9019,30.22,1020.30,52.00,7.00,M,100.00,0.00
WMC,2023-04-10 08:56,-117.8072,40.9019,30.20,1019.90,50.00,8.00,M,80.00,0.00
WMC,2023-04-10 09:56,-117.8072,40.9019,30.19,1019.30,50.00,10.00,M,80.00,0.00
WMC,2023-04-10 10:56,-117.8072,40.9019,30.18,1019.10,47.00,6.00,M,100.00,0.00
WMC,2023-04-10 11:56,-117.8072,40.9019,30.17,1018.90,44.00,8.00,M,80.00,0.00
WMC,2023-04-10 12:56,-117.8072,40.9019,30.16,1018.50,47.00,9.00,M,70.00,0.00
WMC,2023-04-10 13:56,-117.8072,40.9019,30.16,1018.70,47.00,9.00,M,80.00,0.00
WMC,2023-04-10 14:56,-117.8072,40.9019,30.16,1018.90,55.00,7.00,M,70.00,0.00
WMC,2023-04-10 15:56,-117.8072,40.9019,30.16,1018.70,61.00,7.00,M,80.00,0.00
WMC,2023-04-10 16:56,-117.8072,40.9019,30.14,1017.70,68.00,7.00,M,170.00,0.00
WMC,2023-04-10 17:56,-117.8072,40.9019,30.13,1016.80,74.00,12.00,18.00,170.00,0.00
WMC,2023-04-10 18:45,-117.8072,40.9019,30.11,M,76.00,12.00,22.00,190.00,0.00
WMC,2023-04-10 18:56,-117.8072,40.9019,30.11,1015.90,76.00,13.00,23.00,220.00,0.00
WMC,2023-04-10 19:56,-117.8072,40.9019,30.08,1015.00,78.00,11.00,26.00,190.00,0.00
WMC,2023-04-10 20:56,-117.8072,40.9019,30.05,1014.10,78.00,13.00,21.00,180.00,0.00
WMC,2023-04-10 21:56,-117.8072,40.9019,30.02,1012.90,79.00,18.00,26.00,210.00,0.00
WMC,2023-04-10 22:56,-117.8072,40.9019,29.99,1012.20,79.00,15.00,27.00,210.00,0.00
WMC,2023-04-10 23:56,-117.8072,40.9019,29.97,1011.60,79.00,15.00,24.00,220.00,0.00
WMC,2023-04-11 00:56,-117.8072,40.9019,29.95,1011.00,77.00,14.00,20.00,200.00,0.00
WMC,2023-04-11 01:56,-117.8072,40.9019,29.93,1010.50,72.00,8.00,M,190.00,0.00
WMC,2023-04-11 02:56,-117.8072,40.9019,29.95,1010.90,67.00,12.00,22.00,280.00,0.00
WMC,2023-04-11 03:03,-117.8072,40.9019,29.95,M,66.00,12.00,M,270.00,0.00
WMC,2023-04-11 03:56,-117.8072,40.9019,29.97,1011.30,64.00,14.00,M,260.00,0.00
WMC,2023-04-11 04:56,-117.8072,40.9019,29.99,1011.70,60.00,5.00,M,M,0.00
WMC,2023-04-11 05:56,-117.8072,40.9019,29.99,1011.20,61.00,6.00,M,200.00,0.00
WMC,2023-04-11 06:56,-117.8072,40.9019,29.99,1011.60,55.00,7.00,M,170.00,0.00
WMC,2023-04-11 07:56,-117.8072,40.9019,30.00,1011.70,56.00,9.00,M,150.00,0.00
WMC,2023-04-11 08:56,-117.8072,40.9019,30.00,1011.50,58.00,10.00,M,210.00,0.00
WMC,2023-04-11 09:56,-117.8072,40.9019,30.00,1011.50,59.00,7.00,M,220.00,0.00
WMC,2023-04-11 10:56,-117.8072,40.9019,30.01,1011.90,58.00,9.00,M,220.00,0.00
WMC,2023-04-11 11:56,-117.8072,40.9019,30.01,1012.10,55.00,10.00,M,260.00,0.00
WMC,2023-04-11 12:56,-117.8072,40.9019,29.98,1011.80,49.00,9.00,M,180.00,0.00
WMC,2023-04-11 13:56,-117.8072,40.9019,29.99,1011.80,55.00,12.00,M,170.00,0.00
WMC,2023-04-11 14:56,-117.8072,40.9019,30.00,1012.50,58.00,8.00,M,180.00,0.00
WMC,2023-04-11 15:56,-117.8072,40.9019,29.99,1012.00,64.00,11.00,20.00,180.00,0.00
WMC,2023-04-11 16:56,-117.8072,40.9019,29.99,1012.10,66.00,M,M,M,0.00
WMC,2023-04-11 17:56,-117.8072,40.9019,29.99,1011.90,66.00,15.00,M,190.00,0.00
WMC,2023-04-11 18:56,-117.8072,40.9019,29.98,1011.80,67.00,13.00,19.00,210.00,0.00
WMC,2023-04-11 19:56,-117.8072,40.9019,29.97,1011.50,67.00,13.00,21.00,220.00,0.00
WMC,2023-04-11 20:56,-117.8072,40.9019,29.96,1010.90,68.00,12.00,22.00,250.00,0.00
WMC,2023-04-11 21:56,-117.8072,40.9019,29.94,1010.30,68.00,9.00,16.00,230.00,0.00
WMC,2023-04-11 22:56,-117.8072,40.9019,29.91,1009.20,69.00,18.00,25.00,210.00,0.00
WMC,2023-04-11 23:56,-117.8072,40.9019,29.89,1008.80,69.00,19.00,26.00,230.00,0.00
WMC,2023-04-12 00:56,-117.8072,40.9019,29.87,1008.50,70.00,16.00,25.00,220.00,0.00
WMC,2023-04-12 01:56,-117.8072,40.9019,29.87,1008.10,66.00,15.00,22.00,230.00,0.00
WMC,2023-04-12 02:56,-117.8072,40.9019,29.87,1008.30,61.00,12.00,M,230.00,0.00
WMC,2023-04-12 03:56,-117.8072,40.9019,29.89,1008.90,55.00,8.00,M,320.00,0.00
WMC,2023-04-12 05:56,-117.8072,40.9019,29.91,1009.60,53.00,4.00,M,320.00,0.00
WMC,2023-04-12 06:56,-117.8072,40.9019,29.90,1009.60,48.00,6.00,M,260.00,0.00
WMC,2023-04-12 07:56,-117.8072,40.9019,29.90,1009.40,51.00,14.00,23.00,270.00,0.00
WMC,2023-04-12 08:56,-117.8072,40.9019,29.88,1009.00,46.00,7.00,M,220.00,0.00
WMC,2023-04-12 09:56,-117.8072,40.9019,29.85,1008.40,40.00,6.00,M,270.00,0.00
WMC,2023-04-12 10:56,-117.8072,40.9019,29.84,1008.10,40.00,0.00,M,0.00,0.00
WMC,2023-04-12 11:56,-117.8072,40.9019,29.83,1007.90,39.00,3.00,M,210.00,0.00
WMC,2023-04-12 12:56,-117.8072,40.9019,29.83,1008.00,33.00,4.00,M,180.00,0.00
WMC,2023-04-12 13:56,-117.8072,40.9019,29.83,1008.40,34.00,0.00,M,0.00,0.00
WMC,2023-04-12 14:56,-117.8072,40.9019,29.83,1007.60,49.00,9.00,M,300.00,0.00
WMC,2023-04-12 15:56,-117.8072,40.9019,29.82,1007.30,52.00,9.00,M,300.00,0.00
WMC,2023-04-12 16:56,-117.8072,40.9019,29.80,1007.10,55.00,6.00,M,280.00,0.00
WMC,2023-04-12 17:56,-117.8072,40.9019,29.78,1005.80,58.00,8.00,20.00,250.00,0.00
WMC,2023-04-12 18:56,-117.8072,40.9019,29.76,1005.20,62.00,16.00,26.00,260.00,0.00
WMC,2023-04-12 19:56,-117.8072,40.9019,29.72,1003.60,62.00,7.00,21.00,310.00,0.00
WMC,2023-04-12 20:56,-117.8072,40.9019,29.70,1002.90,63.00,14.00,25.00,270.00,0.00
WMC,2023-04-12 21:56,-117.8072,40.9019,29.68,1002.90,63.00,18.00,28.00,300.00,0.00
WMC,2023-04-12 22:56,-117.8072,40.9019,29.66,1002.20,63.00,15.00,24.00,290.00,0.00
WMC,2023-04-12 23:56,-117.8072,40.9019,29.66,1002.90,57.00,19.00,30.00,10.00,0.00
WMC,2023-04-13 00:56,-117.8072,40.9019,29.69,1004.50,53.00,18.00,29.00,350.00,0.00
WMC,2023-04-13 01:56,-117.8072,40.9019,29.72,1006.10,45.00,19.00,32.00,350.00,0.00
WMC,2023-04-13 02:56,-117.8072,40.9019,29.78,1007.50,39.00,21.00,30.00,340.00,0.00
WMC,2023-04-13 03:56,-117.8072,40.9019,29.80,1008.40,36.00,20.00,29.00,340.00,0.00
WMC,2023-04-13 04:56,-117.8072,40.9019,29.84,1009.50,34.00,22.00,32.00,350.00,0.00
WMC,2023-04-13 05:56,-117.8072,40.9019,29.87,1010.40,33.00,19.00,28.00,340.00,0.00
WMC,2023-04-13 06:56,-117.8072,40.9019,29.90,1011.30,32.00,13.00,21.00,350.00,0.00
WMC,2023-04-13 07:56,-117.8072,40.9019,29.92,1011.80,33.00,8.00,M,20.00,0.00
WMC,2023-04-13 08:56,-117.8072,40.9019,29.91,1011.50,30.00,3.00,M,360.00,0.00
WMC,2023-04-13 09:56,-117.8072,40.9019,29.92,1012.40,24.10,5.00,M,330.00,0.00
WMC,2023-04-13 10:56,-117.8072,40.9019,29.93,1012.80,25.00,0.00,M,0.00,0.00
WMC,2023-04-13 11:56,-117.8072,40.9019,29.93,1013.40,24.10,4.00,M,340.00,0.00
WMC,2023-04-13 12:56,-117.8072,40.9019,29.94,1014.40,19.00,5.00,M,250.00,0.00
WMC,2023-04-13 13:56,-117.8072,40.9019,29.95,1015.10,23.00,5.00,M,270.00,0.00
WMC,2023-04-13 14:56,-117.8072,40.9019,29.95,1015.10,30.00,5.00,M,260.00,0.00
WMC,2023-04-13 15:56,-117.8072,40.9019,29.96,1015.20,33.00,3.00,M,290.00,0.00
WMC,2023-04-13 16:56,-117.8072,40.9019,29.94,1014.80,36.00,5.00,M,300.00,0.00
WMC,2023-04-13 17:56,-117.8072,40.9019,29.94,1014.40,40.00,6.00,M,M,0.00
WMC,2023-04-13 18:56,-117.8072,40.9019,29.93,1013.90,42.00,5.00,M,M,0.00
WMC,2023-04-13 19:56,-117.8072,40.9019,29.90,1012.60,43.00,4.00,M,M,0.00
WMC,2023-04-13 20:56,-117.8072,40.9019,29.88,1012.10,44.00,3.00,M,M,0.00
WMC,2023-04-13 21:56,-117.8072,40.9019,29.86,1011.80,48.00,7.00,M,330.00,0.00
WMC,2023-04-13 22:56,-117.8072,40.9019,29.85,1011.20,47.00,5.00,M,280.00,0.00
WMC,2023-04-13 23:56,-117.8072,40.9019,29.84,1010.80,49.00,0.00,M,0.00,0.00
WMC,2023-04-14 00:56,-117.8072,40.9019,29.83,1011.10,46.00,3.00,M,50.00,0.00
WMC,2023-04-14 01:56,-117.8072,40.9019,29.83,1011.00,45.00,5.00,M,10.00,0.00
WMC,2023-04-14 02:56,-117.8072,40.9019,29.83,1010.80,40.00,4.00,M,330.00,0.00
WMC,2023-04-14 03:56,-117.8072,40.9019,29.83,1010.60,39.00,3.00,M,60.00,0.00
WMC,2023-04-14 04:56,-117.8072,40.9019,29.84,1011.30,30.90,4.00,M,260.00,0.00
WMC,2023-04-14 05:56,-117.8072,40.9019,29.84,1011.20,28.90,3.00,M,300.00,0.00
WMC,2023-04-14 06:56,-117.8072,40.9019,29.85,1011.50,25.00,4.00,M,140.00,0.00
WMC,2023-04-14 07:56,-117.8072,40.9019,29.85,1011.80,25.00,5.00,M,130.00,0.00
WMC,2023-04-14 08:56,-117.8072,40.9019,29.84,1011.50,23.00,4.00,M,150.00,0.00
WMC,2023-04-14 09:56,-117.8072,40.9019,29.84,1011.00,21.90,5.00,M,150.00,0.00
WMC,2023-04-14 10:56,-117.8072,40.9019,29.85,1011.30,21.90,7.00,M,140.00,0.00
WMC,2023-04-14 11:56,-117.8072,40.9019,29.86,1011.70,21.00,3.00,M,150.00,0.00
WMC,2023-04-14 12:56,-117.8072,40.9019,29.87,1012.40,19.00,5.00,M,120.00,0.00
WMC,2023-04-14 13:56,-117.8072,40.9019,29.89,1013.10,19.90,4.00,M,180.00,0.00
WMC,2023-04-14 14:56,-117.8072,40.9019,29.90,1013.00,30.90,0.00,M,0.00,0.00
WMC,2023-04-14 15:56,-117.8072,40.9019,29.92,1013.10,39.00,0.00,M,0.00,0.00
WMC,2023-04-14 16:56,-117.8072,40.9019,29.92,1013.30,45.00,5.00,M,M,0.00
WMC,2023-04-14 17:56,-117.8072,40.9019,29.92,1013.20,50.00,4.00,M,M,0.00
WMC,2023-04-14 18:56,-117.8072,40.9019,29.92,1013.40,53.00,14.00,21.00,290.00,0.00
WMC,2023-04-14 19:56,-117.8072,40.9019,29.91,1012.80,54.00,13.00,18.00,290.00,0.00
WMC,2023-04-14 20:56,-117.8072,40.9019,29.92,1013.00,56.00,8.00,23.00,300.00,0.00
WMC,2023-04-14 21:56,-117.8072,40.9019,29.92,1013.10,57.00,9.00,16.00,300.00,0.00
WMC,2023-04-14 22:56,-117.8072,40.9019,29.93,1013.30,58.00,11.00,18.00,300.00,0.00
WMC,2023-04-14 23:56,-117.8072,40.9019,29.93,1013.60,58.00,10.00,M,290.00,0.00
WMC,2023-04-15 00:56,-117.8072,40.9019,29.95,1014.40,56.00,10.00,M,300.00,0.00
WMC,2023-04-15 01:56,-117.8072,40.9019,29.96,1014.90,54.00,5.00,M,320.00,0.00
WMC,2023-04-15 02:56,-117.8072,40.9019,29.97,1014.70,49.00,5.00,M,40.00,0.00
WMC,2023-04-15 03:56,-117.8072,40.9019,29.99,1015.70,39.00,4.00,M,170.00,0.00
WMC,2023-04-15 04:56,-117.8072,40.9019,30.02,1016.50,35.00,8.00,M,150.00,0.00
WMC,2023-04-15 05:56,-117.8072,40.9019,30.04,1016.90,34.00,5.00,M,170.00,0.00
WMC,2023-04-15 06:56,-117.8072,40.9019,30.06,1017.40,33.00,8.00,M,80.00,0.00
WMC,2023-04-15 07:56,-117.8072,40.9019,30.07,1017.70,32.00,7.00,M,120.00,0.00
WMC,2023-04-15 08:56,-117.8072,40.9019,30.07,1017.30,35.00,6.00,M,100.00,0.00
WMC,2023-04-15 09:56,-117.8072,40.9019,30.08,1017.50,38.00,12.00,M,60.00,0.00
WMC,2023-04-15 10:56,-117.8072,40.9019,30.10,1018.30,34.00,6.00,M,100.00,0.00
WMC,2023-04-15 11:56,-117.8072,40.9019,30.11,1018.60,36.00,9.00,M,90.00,0.00
WMC,2023-04-15 12:56,-117.8072,40.9019,30.12,1019.90,23.00,7.00,M,150.00,0.00
WMC,2023-04-15 13:56,-117.8072,40.9019,30.13,1019.70,34.00,11.00,M,90.00,0.00
WMC,2023-04-15 14:56,-117.8072,40.9019,30.14,1020.00,41.00,9.00,M,70.00,0.00
WMC,2023-04-15 15:56,-117.8072,40.9019,30.15,1020.70,46.00,6.00,M,70.00,0.00
WMC,2023-04-15 17:56,-117.8072,40.9019,30.15,1020.20,58.00,5.00,M,M,0.00
WMC,2023-04-15 18:56,-117.8072,40.9019,30.14,1019.40,62.00,3.00,14.00,M,0.00
WMC,2023-04-15 19:56,-117.8072,40.9019,30.12,1018.80,63.00,6.00,M,200.00,0.00
WMC,2023-04-15 20:56,-117.8072,40.9019,30.11,1018.00,65.00,4.00,15.00,M,0.00
WMC,2023-04-15 21:56,-117.8072,40.9019,30.09,1017.20,68.00,7.00,M,200.00,0.00
WMC,2023-04-15 22:56,-117.8072,40.9019,30.08,1016.80,68.00,7.00,M,200.00,0.00
WMC,2023-04-15 23:56,-117.8072,40.9019,30.06,1016.00,69.00,10.00,19.00,210.00,0.00
WMC,2023-04-16 01:56,-117.8072,40.9019,30.06,1016.50,64.00,6.00,M,240.00,0.00
WMC,2023-04-16 02:56,-117.8072,40.9019,30.06,1016.80,51.00,7.00,M,200.00,0.00
WMC,2023-04-16 03:56,-117.8072,40.9019,30.07,1017.30,46.00,8.00,M,160.00,0.00
WMC,2023-04-16 04:56,-117.8072,40.9019,30.08,1017.20,48.00,5.00,M,180.00,0.00
WMC,2023-04-16 05:56,-117.8072,40.9019,30.09,1017.60,40.00,8.00,M,170.00,0.00
WMC,2023-04-16 06:56,-117.8072,40.9019,30.10,1017.80,36.00,3.00,M,M,0.00
WMC,2023-04-16 07:56,-117.8072,40.9019,30.09,1017.70,35.00,3.00,M,160.00,0.00
WMC,2023-04-16 08:56,-117.8072,40.9019,30.08,1017.20,34.00,5.00,M,130.00,0.00
WMC,2023-04-16 09:56,-117.8072,40.9019,30.07,1016.90,30.00,6.00,M,140.00,0.00
WMC,2023-04-16 10:56,-117.8072,40.9019,30.07,1016.60,30.90,5.00,M,140.00,0.00
WMC,2023-04-16 11:56,-117.8072,40.9019,30.07,1016.60,30.90,6.00,M,150.00,0.00
WMC,2023-04-16 12:56,-117.8072,40.9019,30.07,1016.80,30.00,4.00,M,140.00,0.00
WMC,2023-04-16 13:56,-117.8072,40.9019,30.07,1017.00,32.00,0.00,M,0.00,0.00
WMC,2023-04-16 14:56,-117.8072,40.9019,30.07,1017.10,44.00,4.00,M,60.00,0.00
WMC,2023-04-16 15:56,-117.8072,40.9019,30.06,1016.60,52.00,0.00,M,0.00,0.00
WMC,2023-04-16 16:56,-117.8072,40.9019,30.06,1015.80,59.00,0.00,M,0.00,0.00
WMC,2023-04-16 17:56,-117.8072,40.9019,30.04,1015.20,66.00,M,M,M,0.00
WMC,2023-04-16 18:56,-117.8072,40.9019,30.01,1014.30,69.00,13.00,24.00,180.00,0.00
WMC,2023-04-16 19:56,-117.8072,40.9019,29.98,1013.30,70.00,11.00,24.00,230.00,0.00
WMC,2023-04-16 20:56,-117.8072,40.9019,29.96,1012.50,72.00,14.00,26.00,240.00,0.00
WMC,2023-04-16 21:56,-117.8072,40.9019,29.94,1012.20,71.00,16.00,23.00,230.00,0.00
WMC,2023-04-16 22:56,-117.8072,40.9019,29.92,1011.30,71.00,16.00,24.00,200.00,0.00
WMC,2023-04-16 23:56,-117.8072,40.9019,29.91,1011.00,71.00,23.00,32.00,250.00,0.00
WMC,2023-04-17 00:56,-117.8072,40.9019,29.93,1011.90,67.00,18.00,27.00,270.00,0.00
WMC,2023-04-17 01:06,-117.8072,40.9019,29.93,M,65.00,18.00,32.00,280.00,0.00
WMC,2023-04-17 01:43,-117.8072,40.9019,29.94,M,62.00,16.00,24.00,280.00,0.00
WMC,2023-04-17 01:53,-117.8072,40.9019,29.94,M,60.80,16.00,29.00,290.00,0.00
WMC,2023-04-17 01:56,-117.8072,40.9019,29.94,1012.70,61.00,16.00,27.00,290.00,0.00
WMC,2023-04-17 02:56,-117.8072,40.9019,29.94,1012.00,58.00,8.00,18.00,270.00,0.00
WMC,2023-04-17 03:56,-117.8072,40.9019,29.97,1012.50,57.00,10.00,M,110.00,0.00
WMC,2023-04-17 04:56,-117.8072,40.9019,29.97,1012.00,56.00,9.00,20.00,260.00,0.00
WMC,2023-04-17 05:56,-117.8072,40.9019,29.96,1011.30,54.00,13.00,M,260.00,0.00
WMC,2023-04-17 06:56,-117.8072,40.9019,29.96,1011.40,50.00,7.00,M,270.00,0.00
WMC,2023-04-17 07:56,-117.8072,40.9019,29.96,1011.80,44.00,10.00,M,270.00,0.00
WMC,2023-04-17 08:56,-117.8072,40.9019,29.94,1010.90,48.00,10.00,M,280.00,0.00
WMC,2023-04-17 09:56,-117.8072,40.9019,29.93,1011.10,39.00,3.00,M,270.00,0.00
WMC,2023-04-17 10:56,-117.8072,40.9019,29.93,1010.90,40.00,0.00,M,0.00,0.00
WMC,2023-04-17 11:56,-117.8072,40.9019,29.92,1010.90,35.00,3.00,M,220.00,0.00
WMC,2023-04-17 12:56,-117.8072,40.9019,29.91,1011.10,33.00,6.00,M,200.00,0.00
WMC,2023-04-17 13:56,-117.8072,40.9019,29.90,1011.10,35.00,4.00,M,160.00,0.00
WMC,2023-04-17 14:56,-117.8072,40.9019,29.90,1010.60,45.00,3.00,M,230.00,0.00
WMC,2023-04-17 15:56,-117.8072,40.9019,29.88,1009.50,52.00,4.00,M,250.00,0.00
WMC,2023-04-17 16:56,-117.8072,40.9019,29.87,1008.80,55.00,16.00,26.00,240.00,0.00
WMC,2023-04-17 17:56,-117.8072,40.9019,29.86,1008.60,56.00,16.00,23.00,220.00,0.00
WMC,2023-04-17 19:56,-117.8072,40.9019,29.84,1008.80,55.00,14.00,22.00,250.00,0.00
WMC,2023-04-17 20:56,-117.8072,40.9019,29.82,1007.40,57.00,15.00,21.00,250.00,0.00
WMC,2023-04-17 21:56,-117.8072,40.9019,29.78,1006.90,59.00,8.00,22.00,240.00,0.00
WMC,2023-04-17 22:56,-117.8072,40.9019,29.76,1006.00,59.00,15.00,25.00,230.00,0.00
WMC,2023-04-17 23:56,-117.8072,40.9019,29.75,1005.90,59.00,16.00,30.00,240.00,0.00
WMC,2023-04-18 00:56,-117.8072,40.9019,29.72,1005.50,57.00,16.00,29.00,230.00,0.00
WMC,2023-04-18 01:56,-117.8072,40.9019,29.71,1005.10,55.00,17.00,24.00,240.00,0.00
WMC,2023-04-18 02:56,-117.8072,40.9019,29.71,1004.40,51.00,13.00,M,230.00,0.00
WMC,2023-04-18 03:56,-117.8072,40.9019,29.70,1003.60,52.00,12.00,22.00,220.00,0.00
WMC,2023-04-18 04:56,-117.8072,40.9019,29.71,1003.70,49.00,16.00,25.00,240.00,0.00
WMC,2023-04-18 05:56,-117.8072,40.9019,29.71,1003.90,47.00,16.00,26.00,240.00,0.00
WMC,2023-04-18 06:56,-117.8072,40.9019,29.71,1004.20,45.00,16.00,26.00,250.00,0.00
WMC,2023-04-18 07:56,-117.8072,40.9019,29.70,1003.80,44.00,19.00,29.00,230.00,0.00
WMC,2023-04-18 08:56,-117.8072,40.9019,29.68,1003.10,44.00,17.00,32.00,230.00,0.00
WMC,2023-04-18 09:56,-117.8072,40.9019,29.66,1002.30,43.00,18.00,28.00,220.00,0.00
WMC,2023-04-18 10:40,-117.8072,40.9019,29.68,M,36.00,20.00,31.00,270.00,0.00
WMC,2023-04-18 10:56,-117.8072,40.9019,29.69,1004.10,35.00,21.00,30.00,270.00,0.00
WMC,2023-04-18 11:07,-117.8072,40.9019,29.70,M,32.00,22.00,33.00,260.00,T
WMC,2023-04-18 11:13,-117.8072,40.9019,29.70,M,30.90,19.00,34.00,270.00,T
WMC,2023-04-18 11:30,-117.8072,40.9019,29.71,M,30.00,17.00,26.00,260.00,0.02
WMC,2023-04-18 11:41,-117.8072,40.9019,29.72,M,30.00,18.00,29.00,270.00,0.02
WMC,2023-04-18 11:50,-117.8072,40.9019,29.73,M,30.20,19.00,28.00,270.00,0.03
WMC,2023-04-18 11:56,-117.8072,40.9019,29.74,1006.00,30.00,17.00,25.00,270.00,0.04
WMC,2023-04-18 12:03,-117.8072,40.9019,29.75,M,30.00,16.00,25.00,270.00,T
WMC,2023-04-18 12:14,-117.8072,40.9019,29.75,M,30.00,16.00,23.00,270.00,0.01
WMC,2023-04-18 12:25,-117.8072,40.9019,29.76,M,30.00,13.00,21.00,260.00,0.02
WMC,2023-04-18 12:30,-117.8072,40.9019,29.76,M,30.00,14.00,21.00,260.00,0.02
WMC,2023-04-18 12:40,-117.8072,40.9019,29.76,M,30.00,12.00,M,270.00,0.02
WMC,2023-04-18 12:46,-117.8072,40.9019,29.77,M,30.00,11.00,19.00,290.00,0.02
WMC,2023-04-18 12:56,-117.8072,40.9019,29.77,1007.20,30.00,10.00,M,280.00,0.02
WMC,2023-04-18 13:03,-117.8072,40.9019,29.78,M,30.00,8.00,M,270.00,0.01
WMC,2023-04-18 13:07,-117.8072,40.9019,29.78,M,30.00,8.00,M,280.00,0.01
WMC,2023-04-18 13:18,-117.8072,40.9019,29.78,M,30.00,6.00,M,280.00,0.01
WMC,2023-04-18 13:40,-117.8072,40.9019,29.81,M,30.00,11.00,M,270.00,0.01
WMC,2023-04-18 13:56,-117.8072,40.9019,29.81,1008.90,30.00,10.00,M,280.00,0.01
WMC,2023-04-18 14:02,-117.8072,40.9019,29.82,M,30.00,9.00,M,270.00,T
WMC,2023-04-18 14:56,-117.8072,40.9019,29.84,1010.20,32.00,10.00,M,260.00,T
WMC,2023-04-18 15:56,-117.8072,40.9019,29.87,1010.90,33.00,12.00,20.00,260.00,0.00
WMC,2023-04-18 16:56,-117.8072,40.9019,29.90,1011.80,37.00,17.00,24.00,280.00,0.00
WMC,2023-04-18 17:56,-117.8072,40.9019,29.92,1012.60,38.00,13.00,24.00,280.00,T
WMC,2023-04-18 18:56,-117.8072,40.9019,29.93,1013.30,38.00,11.00,M,240.00,T
WMC,2023-04-18 19:56,-117.8072,40.9019,29.92,1012.50,42.00,10.00,20.00,280.00,T
WMC,2023-04-18 20:56,-117.8072,40.9019,29.93,1012.90,43.00,13.00,27.00,300.00,0.00
WMC,2023-04-18 21:56,-117.8072,40.9019,29.95,1013.90,39.00,6.00,27.00,M,T
WMC,2023-04-18 22:56,-117.8072,40.9019,29.94,1013.80,44.00,10.00,23.00,270.00,T
WMC,2023-04-18 23:56,-117.8072,40.9019,29.94,1014.50,41.00,11.00,25.00,280.00,0.00
WMC,2023-04-19 00:56,-117.8072,40.9019,29.95,1014.80,41.00,11.00,M,290.00,0.00
WMC,2023-04-19 01:56,-117.8072,40.9019,29.95,1014.80,41.00,7.00,M,320.00,0.00
WMC,2023-04-19 02:56,-117.8072,40.9019,29.97,1016.00,32.00,5.00,M,250.00,0.00
WMC,2023-04-19 03:56,-117.8072,40.9019,29.98,1016.50,32.00,0.00,M,0.00,0.00
WMC,2023-04-19 04:56,-117.8072,40.9019,29.99,1016.60,30.90,0.00,M,0.00,0.00
WMC,2023-04-19 05:56,-117.8072,40.9019,29.99,1017.10,24.10,0.00,M,0.00,0.00
WMC,2023-04-19 06:56,-117.8072,40.9019,29.99,1017.30,19.90,0.00,M,0.00,0.00
WMC,2023-04-19 07:56,-117.8072,40.9019,30.00,1017.30,19.90,5.00,M,130.00,0.00
WMC,2023-04-19 08:56,-117.8072,40.9019,30.00,1017.10,19.90,4.00,M,110.00,0.00
WMC,2023-04-19 09:56,-117.8072,40.9019,30.00,1017.50,19.90,4.00,M,130.00,0.00
WMC,2023-04-19 10:56,-117.8072,40.9019,30.01,1017.70,18.00,5.00,M,140.00,0.00
WMC,2023-04-19 11:56,-117.8072,40.9019,30.01,1018.40,15.10,5.00,M,190.00,0.00
WMC,2023-04-19 12:56,-117.8072,40.9019,30.03,1018.50,18.00,4.00,M,100.00,0.00
WMC,2023-04-19 13:56,-117.8072,40.9019,30.05,1019.30,19.00,3.00,M,150.00,0.00
WMC,2023-04-19 14:56,-117.8072,40.9019,30.07,1019.90,28.00,0.00,M,0.00,0.00
WMC,2023-04-19 15:56,-117.8072,40.9019,30.09,1020.10,33.00,0.00,M,0.00,0.00
WMC,2023-04-19 16:56,-117.8072,40.9019,30.09,1019.90,40.00,0.00,M,0.00,0.00
WMC,2023-04-19 17:56,-117.8072,40.9019,30.10,1020.30,44.00,M,M,M,0.00
WMC,2023-04-19 18:56,-117.8072,40.9019,30.10,1021.10,42.00,15.00,22.00,250.00,0.00
WMC,2023-04-19 19:56,-117.8072,40.9019,30.10,1020.50,45.00,12.00,19.00,240.00,0.00
WMC,2023-04-19 20:40,-117.8072,40.9019,30.10,M,45.00,13.00,19.00,240.00,0.00
WMC,2023-04-19 20:56,-117.8072,40.9019,30.11,1021.10,43.00,14.00,23.00,270.00,0.00
WMC,2023-04-19 21:56,-117.8072,40.9019,30.09,1020.10,45.00,3.00,M,M,0.00
WMC,2023-04-19 22:56,-117.8072,40.9019,30.08,1019.80,49.00,14.00,23.00,280.00,0.00
WMC,2023-04-19 23:56,-117.8072,40.9019,30.09,1020.40,49.00,15.00,22.00,310.00,0.00
WMC,2023-04-20 00:56,-117.8072,40.9019,30.09,1020.40,48.00,11.00,22.00,290.00,0.00
WMC,2023-04-20 01:56,-117.8072,40.9019,30.11,1021.00,46.00,11.00,20.00,290.00,0.00
WMC,2023-04-20 02:56,-117.8072,40.9019,30.13,1021.50,40.00,4.00,M,280.00,0.00
WMC,2023-04-20 03:56,-117.8072,40.9019,30.17,1022.60,36.00,4.00,M,10.00,0.00
WMC,2023-04-20 04:56,-117.8072,40.9019,30.20,1023.60,32.00,4.00,M,300.00,0.00
WMC,2023-04-20 05:56,-117.8072,40.9019,30.21,1023.50,30.90,6.00,M,310.00,0.00
WMC,2023-04-20 06:56,-117.8072,40.9019,30.24,1025.00,28.00,4.00,M,320.00,0.00
WMC,2023-04-20 07:56,-117.8072,40.9019,30.25,1025.40,24.10,3.00,M,220.00,0.00
WMC,2023-04-20 08:56,-117.8072,40.9019,30.25,1026.00,21.00,5.00,M,130.00,0.00
WMC,2023-04-20 09:56,-117.8072,40.9019,30.26,1026.30,19.90,5.00,M,170.00,0.00
WMC,2023-04-20 10:56,-117.8072,40.9019,30.28,1026.60,19.00,6.00,M,150.00,0.00
WMC,2023-04-20 11:56,-117.8072,40.9019,30.28,1026.50,19.90,4.00,M,110.00,0.00
WMC,2023-04-20 12:56,-117.8072,40.9019,30.30,1027.20,19.00,3.00,M,80.00,0.00
WMC,2023-04-20 13:56,-117.8072,40.9019,30.31,1028.00,19.90,0.00,M,0.00,0.00
WMC,2023-04-20 14:56,-117.8072,40.9019,30.34,1028.30,32.00,0.00,M,0.00,0.00
WMC,2023-04-20 15:56,-117.8072,40.9019,30.34,1028.00,39.00,0.00,M,0.00,0.00
WMC,2023-04-20 16:56,-117.8072,40.9019,30.34,1028.00,43.00,0.00,M,0.00,0.00
WMC,2023-04-20 17:56,-117.8072,40.9019,30.35,1028.10,47.00,3.00,M,340.00,0.00
WMC,2023-04-20 18:56,-117.8072,40.9019,30.34,1028.00,48.00,3.00,M,M,0.00
WMC,2023-04-20 19:56,-117.8072,40.9019,30.32,1027.50,51.00,6.00,M,70.00,0.00
WMC,2023-04-20 20:56,-117.8072,40.9019,30.31,1027.20,52.00,M,M,M,0.00
WMC,2023-04-20 21:56,-117.8072,40.9019,30.29,1026.30,55.00,4.00,M,M,0.00
WMC,2023-04-20 22:56,-117.8072,40.9019,30.26,1025.30,57.00,7.00,M,280.00,0.00
WMC,2023-04-20 23:56,-117.8072,40.9019,30.25,1025.10,56.00,5.00,M,180.00,0.00
WMC,2023-04-21 00:56,-117.8072,40.9019,30.24,1024.70,56.00,5.00,M,260.00,0.00
WMC,2023-04-21 01:56,-117.8072,40.9019,30.25,1024.80,55.00,7.00,M,350.00,0.00
WMC,2023-04-21 02:56,-117.8072,40.9019,30.25,1024.10,53.00,3.00,M,30.00,0.00
WMC,2023-04-21 03:56,-117.8072,40.9019,30.26,1024.00,52.00,3.00,M,90.00,0.00
WMC,2023-04-21 04:56,-117.8072,40.9019,30.26,1024.10,49.00,3.00,M,180.00,0.00
WMC,2023-04-21 05:56,-117.8072,40.9019,30.26,1023.90,49.00,7.00,M,190.00,0.00
WMC,2023-04-21 06:56,-117.8072,40.9019,30.27,1024.20,48.00,4.00,M,210.00,0.00
WMC,2023-04-21 07:56,-117.8072,40.9019,30.28,1024.20,49.00,5.00,M,250.00,0.00
WMC,2023-04-21 08:56,-117.8072,40.9019,30.28,1023.90,49.00,4.00,M,230.00,0.00
WMC,2023-04-21 09:56,-117.8072,40.9019,30.28,1024.00,47.00,6.00,M,280.00,0.00
WMC,2023-04-21 10:56,-117.8072,40.9019,30.28,1023.40,51.00,10.00,19.00,270.00,0.00
WMC,2023-04-21 11:56,-117.8072,40.9019,30.28,1023.60,50.00,15.00,M,250.00,0.00
WMC,2023-04-21 12:56,-117.8072,40.9019,30.28,1023.80,49.00,9.00,M,270.00,0.00
WMC,2023-04-21 13:56,-117.8072,40.9019,30.29,1024.00,51.00,13.00,20.00,260.00,0.00
WMC,2023-04-21 14:56,-117.8072,40.9019,30.31,1024.60,52.00,14.00,25.00,260.00,0.00
WMC,2023-04-21 15:56,-117.8072,40.9019,30.33,1025.20,53.00,11.00,19.00,250.00,0.00
WMC,2023-04-21 16:56,-117.8072,40.9019,30.32,1025.20,54.00,12.00,20.00,260.00,0.00
WMC,2023-04-21 17:56,-117.8072,40.9019,30.33,1025.40,57.00,14.00,M,280.00,0.00
WMC,2023-04-21 18:56,-117.8072,40.9019,30.33,1025.10,59.00,6.00,M,M,0.00
WMC,2023-04-21 19:56,-117.8072,40.9019,30.32,1024.70,62.00,9.00,21.00,360.00,0.00
WMC,2023-04-21 20:56,-117.8072,40.9019,30.30,1024.00,63.00,18.00,23.00,350.00,0.00
WMC,2023-04-21 21:56,-117.8072,40.9019,30.28,1023.10,65.00,14.00,21.00,310.00,0.00
WMC,2023-04-21 22:56,-117.8072,40.9019,30.25,1021.80,67.00,9.00,23.00,360.00,0.00
WMC,2023-04-21 23:56,-117.8072,40.9019,30.25,1021.90,64.00,15.00,21.00,340.00,0.00
WMC,2023-04-22 00:56,-117.8072,40.9019,30.25,1022.00,62.00,12.00,M,20.00,0.00
WMC,2023-04-22 01:56,-117.8072,40.9019,30.24,1022.00,60.00,10.00,M,350.00,0.00
WMC,2023-04-22 02:56,-117.8072,40.9019,30.25,1022.30,56.00,9.00,M,10.00,0.00
WMC,2023-04-22 03:56,-117.8072,40.9019,30.25,1022.60,54.00,12.00,M,350.00,0.00
WMC,2023-04-22 04:56,-117.8072,40.9019,30.27,1023.00,54.00,5.00,M,360.00,0.00
WMC,2023-04-22 05:56,-117.8072,40.9019,30.26,1022.50,52.00,3.00,M,290.00,0.00
WMC,2023-04-22 06:56,-117.8072,40.9019,30.25,1022.30,49.00,4.00,M,340.00,0.00
WMC,2023-04-22 07:56,-117.8072,40.9019,30.25,1022.00,50.00,9.00,M,320.00,0.00
WMC,2023-04-22 08:56,-117.8072,40.9019,30.24,1021.80,48.00,4.00,M,290.00,0.00
WMC,2023-04-22 09:56,-117.8072,40.9019,30.22,1021.20,46.00,5.00,M,280.00,0.00
WMC,2023-04-22 10:56,-117.8072,40.9019,30.22,1020.80,47.00,8.00,M,300.00,0.00
WMC,2023-04-22 11:56,-117.8072,40.9019,30.20,1020.80,43.00,3.00,M,280.00,0.00
WMC,2023-04-22 12:56,-117.8072,40.9019,30.20,1021.00,41.00,4.00,M,300.00,0.00
WMC,2023-04-22 13:56,-117.8072,40.9019,30.22,1021.50,44.00,8.00,M,320.00,0.00
WMC,2023-04-22 14:56,-117.8072,40.9019,30.22,1021.40,49.00,7.00,M,300.00,0.00
WMC,2023-04-22 15:56,-117.8072,40.9019,30.21,1021.10,52.00,0.00,M,0.00,0.00
WMC,2023-04-22 16:56,-117.8072,40.9019,30.19,1020.20,56.00,4.00,M,360.00,0.00
WMC,2023-04-22 17:56,-117.8072,40.9019,30.18,1019.70,57.00,3.00,M,M,0.00
WMC,2023-04-22 18:56,-117.8072,40.9019,30.16,1019.10,62.00,9.00,M,300.00,0.00
WMC,2023-04-22 19:56,-117.8072,40.9019,30.14,1018.40,62.00,8.00,M,10.00,0.00
WMC,2023-04-22 20:56,-117.8072,40.9019,30.11,1017.40,62.00,0.00,M,0.00,0.00
WMC,2023-04-22 21:56,-117.8072,40.9019,30.09,1016.70,63.00,4.00,M,320.00,0.00
WMC,2023-04-22 22:56,-117.8072,40.9019,30.06,1015.70,65.00,M,M,M,0.00
WMC,2023-04-22 23:56,-117.8072,40.9019,30.05,1015.70,62.00,5.00,M,40.00,0.00
WMC,2023-04-23 00:56,-117.8072,40.9019,30.03,1015.00,64.00,3.00,M,360.00,0.00
WMC,2023-04-23 01:56,-117.8072,40.9019,30.02,1014.50,61.00,6.00,M,60.00,0.00
WMC,2023-04-23 02:56,-117.8072,40.9019,30.01,1014.30,57.00,4.00,M,50.00,0.00
WMC,2023-04-23 03:56,-117.8072,40.9019,30.01,1014.40,51.00,6.00,M,30.00,0.00
WMC,2023-04-23 04:56,-117.8072,40.9019,30.00,1014.30,45.00,4.00,M,100.00,0.00
WMC,2023-04-23 05:56,-117.8072,40.9019,29.99,1013.40,50.00,13.00,18.00,50.00,0.00
WMC,2023-04-23 06:56,-117.8072,40.9019,29.97,1012.50,48.00,8.00,M,60.00,0.00
WMC,2023-04-23 07:56,-117.8072,40.9019,29.97,1012.40,47.00,11.00,17.00,60.00,0.00
WMC,2023-04-23 08:56,-117.8072,40.9019,29.95,1011.90,46.00,11.00,19.00,60.00,0.00
WMC,2023-04-23 09:56,-117.8072,40.9019,29.94,1011.50,44.00,9.00,M,80.00,0.00
WMC,2023-04-23 10:56,-117.8072,40.9019,29.94,1011.40,44.00,7.00,M,100.00,0.00
WMC,2023-04-23 11:56,-117.8072,40.9019,29.93,1011.80,38.00,6.00,M,150.00,0.00
WMC,2023-04-23 12:56,-117.8072,40.9019,29.92,1011.20,38.00,7.00,M,110.00,0.00
WMC,2023-04-23 13:56,-117.8072,40.9019,29.90,1010.40,45.00,6.00,M,90.00,0.00
WMC,2023-04-23 14:56,-117.8072,40.9019,29.90,1010.50,49.00,7.00,M,80.00,0.00
WMC,2023-04-23 15:56,-117.8072,40.9019,29.91,1010.70,52.00,6.00,M,150.00,T
WMC,2023-04-23 16:56,-117.8072,40.9019,29.91,1010.90,58.00,11.00,M,190.00,T
WMC,2023-04-23 17:56,-117.8072,40.9019,29.91,1010.20,62.00,12.00,M,170.00,0.00
WMC,2023-04-23 18:56,-117.8072,40.9019,29.90,1009.90,62.00,7.00,M,140.00,0.00
WMC,2023-04-23 19:56,-117.8072,40.9019,29.87,1008.60,66.00,5.00,M,170.00,0.00
WMC,2023-04-23 20:56,-117.8072,40.9019,29.86,1008.40,65.00,9.00,17.00,180.00,0.00
WMC,2023-04-23 21:56,-117.8072,40.9019,29.82,1007.30,66.00,7.00,M,210.00,0.00
WMC,2023-04-23 22:56,-117.8072,40.9019,29.82,1007.40,63.00,6.00,M,90.00,0.04
WMC,2023-04-23 23:15,-117.8072,40.9019,29.82,M,63.00,18.00,25.00,330.00,0.00
WMC,2023-04-23 23:23,-117.8072,40.9019,29.82,M,62.00,16.00,26.00,350.00,0.00
WMC,2023-04-23 23:49,-117.8072,40.9019,29.83,M,62.00,14.00,23.00,10.00,T
WMC,2023-04-23 23:56,-117.8072,40.9019,29.83,1008.50,61.00,15.00,22.00,10.00,T
WMC,2023-04-24 00:56,-117.8072,40.9019,29.85,1009.10,60.00,16.00,28.00,30.00,T
WMC,2023-04-24 01:56,-117.8072,40.9019,29.86,1009.20,58.00,11.00,M,50.00,T
WMC,2023-04-24 02:56,-117.8072,40.9019,29.88,1009.90,52.00,7.00,M,360.00,0.00
WMC,2023-04-24 03:56,-117.8072,40.9019,29.90,1010.80,45.00,5.00,M,290.00,0.00
WMC,2023-04-24 04:56,-117.8072,40.9019,29.91,1011.20,41.00,7.00,M,200.00,0.00
WMC,2023-04-24 05:56,-117.8072,40.9019,29.91,1010.80,43.00,3.00,M,80.00,0.00
WMC,2023-04-24 06:56,-117.8072,40.9019,29.91,1010.90,42.00,4.00,M,230.00,0.00
WMC,2023-04-24 07:56,-117.8072,40.9019,29.92,1010.90,42.00,3.00,M,180.00,0.00
WMC,2023-04-24 08:56,-117.8072,40.9019,29.92,1011.00,38.00,5.00,M,150.00,0.00
WMC,2023-04-24 09:56,-117.8072,40.9019,29.92,1011.20,38.00,3.00,M,180.00,0.00
WMC,2023-04-24 10:56,-117.8072,40.9019,29.90,1011.00,35.00,6.00,M,160.00,0.00
WMC,2023-04-24 11:56,-117.8072,40.9019,29.90,1011.00,35.00,0.00,M,0.00,0.00
WMC,2023-04-24 12:56,-117.8072,40.9019,29.89,1011.00,34.00,0.00,M,0.00,0.00
WMC,2023-04-24 13:56,-117.8072,40.9019,29.91,1011.20,40.00,6.00,M,140.00,0.00
WMC,2023-04-24 14:56,-117.8072,40.9019,29.91,1010.80,52.00,4.00,M,170.00,0.00
WMC,2023-04-24 15:56,-117.8072,40.9019,29.91,1010.90,59.00,17.00,27.00,260.00,0.00
WMC,2023-04-24 16:56,-117.8072,40.9019,29.92,1011.30,61.00,17.00,24.00,280.00,0.00
WMC,2023-04-24 17:56,-117.8072,40.9019,29.93,1011.30,63.00,19.00,27.00,280.00,0.00
WMC,2023-04-24 18:36,-117.8072,40.9019,29.93,M,63.00,13.00,21.00,310.00,0.00
WMC,2023-04-24 18:56,-117.8072,40.9019,29.93,1011.50,64.00,14.00,21.00,310.00,0.00
WMC,2023-04-24 19:56,-117.8072,40.9019,29.93,1011.30,64.00,13.00,22.00,320.00,0.00
WMC,2023-04-24 20:56,-117.8072,40.9019,29.93,1011.40,65.00,13.00,24.00,300.00,0.00
WMC,2023-04-24 21:56,-117.8072,40.9019,29.93,1011.40,65.00,15.00,21.00,310.00,0.00
WMC,2023-04-24 22:56,-117.8072,40.9019,29.93,1011.80,64.00,15.00,23.00,320.00,0.00
WMC,2023-04-24 23:56,-117.8072,40.9019,29.94,1012.20,62.00,14.00,23.00,350.00,0.00
WMC,2023-04-25 00:56,-117.8072,40.9019,29.94,1012.80,60.00,17.00,25.00,10.00,0.00
WMC,2023-04-25 01:56,-117.8072,40.9019,29.96,1013.40,56.00,17.00,26.00,360.00,0.00
WMC,2023-04-25 02:56,-117.8072,40.9019,29.99,1013.70,53.00,13.00,20.00,30.00,0.00
WMC,2023-04-25 03:56,-117.8072,40.9019,30.02,1014.10,50.00,6.00,M,360.00,0.00
WMC,2023-04-25 04:56,-117.8072,40.9019,30.04,1015.40,45.00,0.00,M,0.00,0.00
WMC,2023-04-25 05:56,-117.8072,40.9019,30.05,1015.30,46.00,4.00,M,50.00,0.00
WMC,2023-04-25 06:56,-117.8072,40.9019,30.07,1015.90,45.00,6.00,M,10.00,0.00
WMC,2023-04-25 07:56,-117.8072,40.9019,30.09,1017.10,37.00,4.00,M,300.00,0.00
WMC,2023-04-25 08:56,-117.8072,40.9019,30.10,1017.20,41.00,11.00,M,30.00,0.00
WMC,2023-04-25 09:56,-117.8072,40.9019,30.10,1017.50,39.00,8.00,M,360.00,0.00
WMC,2023-04-25 10:56,-117.8072,40.9019,30.13,1018.70,36.00,8.00,M,360.00,0.00
WMC,2023-04-25 11:56,-117.8072,40.9019,30.13,1019.10,35.00,7.00,M,20.00,0.00
WMC,2023-04-25 12:56,-117.8072,40.9019,30.14,1019.90,30.90,0.00,M,0.00,0.00
WMC,2023-04-25 13:56,-117.8072,40.9019,30.17,1021.10,34.00,0.00,M,0.00,0.00
WMC,2023-04-25 14:56,-117.8072,40.9019,30.16,1020.60,39.00,4.00,M,150.00,0.00
WMC,2023-04-25 15:56,-117.8072,40.9019,30.17,1020.50,46.00,3.00,M,M,0.00
WMC,2023-04-25 16:56,-117.8072,40.9019,30.16,1020.40,48.00,5.00,M,220.00,0.00
WMC,2023-04-25 17:56,-117.8072,40.9019,30.17,1020.40,52.00,3.00,M,M,0.00
WMC,2023-04-25 18:56,-117.8072,40.9019,30.16,1019.90,55.00,4.00,M,M,0.00
WMC,2023-04-25 19:56,-117.8072,40.9019,30.15,1020.20,54.00,5.00,M,M,0.00
WMC,2023-04-25 20:56,-117.8072,40.9019,30.14,1019.20,59.00,3.00,M,M,0.00
WMC,2023-04-25 21:56,-117.8072,40.9019,30.13,1018.80,62.00,7.00,M,360.00,0.00
WMC,2023-04-25 22:56,-117.8072,40.9019,30.12,1018.60,62.00,3.00,M,M,0.00
WMC,2023-04-25 23:56,-117.8072,40.9019,30.11,1018.50,61.00,3.00,M,330.00,0.00
WMC,2023-04-26 00:56,-117.8072,40.9019,30.12,1018.90,60.00,7.00,M,360.00,0.00
WMC,2023-04-26 01:56,-117.8072,40.9019,30.11,1018.70,60.00,4.00,M,20.00,0.00
WMC,2023-04-26 02:56,-117.8072,40.9019,30.13,1019.10,54.00,3.00,M,360.00,0.00
WMC,2023-04-26 03:56,-117.8072,40.9019,30.15,1020.50,41.00,3.00,M,200.00,0.00
WMC,2023-04-26 04:56,-117.8072,40.9019,30.16,1020.90,40.00,0.00,M,0.00,0.00
WMC,2023-04-26 05:56,-117.8072,40.9019,30.17,1021.20,33.00,5.00,M,180.00,0.00
WMC,2023-04-26 06:56,-117.8072,40.9019,30.18,1021.00,36.00,6.00,M,110.00,0.00
WMC,2023-04-26 07:56,-117.8072,40.9019,30.20,1022.10,34.00,0.00,M,0.00,0.00
WMC,2023-04-26 08:56,-117.8072,40.9019,30.19,1021.60,30.00,3.00,M,120.00,0.00
WMC,2023-04-26 09:56,-117.8072,40.9019,30.19,1021.50,30.00,4.00,M,170.00,0.00
WMC,2023-04-26 10:56,-117.8072,40.9019,30.20,1022.10,27.00,3.00,M,140.00,0.00
WMC,2023-04-26 11:56,-117.8072,40.9019,30.21,1022.10,30.00,4.00,M,140.00,0.00
WMC,2023-04-26 12:56,-117.8072,40.9019,30.20,1022.50,26.10,5.00,M,160.00,0.00
WMC,2023-04-26 13:56,-117.8072,40.9019,30.21,1021.90,35.00,7.00,M,150.00,0.00
WMC,2023-04-26 14:56,-117.8072,40.9019,30.21,1021.80,43.00,0.00,M,0.00,0.00
WMC,2023-04-26 15:56,-117.8072,40.9019,30.21,1022.20,52.00,4.00,M,80.00,0.00
WMC,2023-04-26 16:56,-117.8072,40.9019,30.20,1021.50,57.00,0.00,M,0.00,0.00
WMC,2023-04-26 17:56,-117.8072,40.9019,30.20,1021.80,62.00,0.00,M,0.00,0.00
WMC,2023-04-26 18:56,-117.8072,40.9019,30.20,1021.40,64.00,0.00,M,0.00,0.00
WMC,2023-04-26 19:56,-117.8072,40.9019,30.18,1020.70,66.00,3.00,M,M,0.00
WMC,2023-04-26 20:56,-117.8072,40.9019,30.17,1020.30,70.00,M,M,M,0.00
WMC,2023-04-26 21:56,-117.8072,40.9019,30.15,1019.40,71.00,6.00,M,M,0.00
WMC,2023-04-26 22:56,-117.8072,40.9019,30.12,1018.50,72.00,4.00,M,M,0.00
WMC,2023-04-26 23:56,-117.8072,40.9019,30.11,1017.90,72.00,7.00,M,10.00,0.00
WMC,2023-04-27 00:56,-117.8072,40.9019,30.11,1018.20,71.00,5.00,M,10.00,0.00
WMC,2023-04-27 01:56,-117.8072,40.9019,30.10,1017.40,69.00,4.00,M,10.00,0.00
WMC,2023-04-27 02:56,-117.8072,40.9019,30.10,1017.50,61.00,4.00,M,80.00,0.00
WMC,2023-04-27 03:56,-117.8072,40.9019,30.12,1018.40,49.00,0.00,M,0.00,0.00
WMC,2023-04-27 04:56,-117.8072,40.9019,30.13,1018.40,46.00,0.00,M,0.00,0.00
WMC,2023-04-27 05:56,-117.8072,40.9019,30.13,1018.30,43.00,4.00,M,150.00,0.00
WMC,2023-04-27 06:56,-117.8072,40.9019,30.13,1018.50,39.00,4.00,M,140.00,0.00
WMC,2023-04-27 07:56,-117.8072,40.9019,30.14,1018.70,39.00,5.00,M,150.00,0.00
WMC,2023-04-27 08:56,-117.8072,40.9019,30.14,1018.70,36.00,0.00,M,0.00,0.00
WMC,2023-04-27 09:56,-117.8072,40.9019,30.13,1018.40,34.00,5.00,M,160.00,0.00
WMC,2023-04-27 10:56,-117.8072,40.9019,30.13,1018.30,35.00,4.00,M,100.00,0.00
WMC,2023-04-27 11:56,-117.8072,40.9019,30.14,1018.60,33.00,4.00,M,130.00,0.00
WMC,2023-04-27 12:56,-117.8072,40.9019,30.14,1018.70,34.00,4.00,M,150.00,0.00
WMC,2023-04-27 13:56,-117.8072,40.9019,30.15,1018.90,36.00,0.00,M,0.00,0.00
WMC,2023-04-27 14:56,-117.8072,40.9019,30.16,1019.10,48.00,0.00,M,0.00,0.00
WMC,2023-04-27 15:56,-117.8072,40.9019,30.17,1019.70,57.00,3.00,M,40.00,0.00
WMC,2023-04-27 16:56,-117.8072,40.9019,30.16,1019.20,64.00,0.00,M,0.00,0.00
WMC,2023-04-27 17:56,-117.8072,40.9019,30.16,1018.80,70.00,3.00,M,M,0.00
WMC,2023-04-27 18:56,-117.8072,40.9019,30.16,1018.70,74.00,4.00,M,M,0.00
WMC,2023-04-27 19:56,-117.8072,40.9019,30.14,1018.10,75.00,M,M,M,0.00
WMC,2023-04-27 20:56,-117.8072,40.9019,30.12,1017.50,77.00,8.00,15.00,340.00,0.00
WMC,2023-04-27 21:56,-117.8072,40.9019,30.11,1017.00,79.00,6.00,M,350.00,0.00
WMC,2023-04-27 22:56,-117.8072,40.9019,30.09,1016.30,79.00,6.00,M,350.00,0.00
WMC,2023-04-27 23:56,-117.8072,40.9019,30.08,1016.30,78.00,7.00,M,20.00,0.00
WMC,2023-04-28 00:56,-117.8072,40.9019,30.08,1016.10,78.00,5.00,M,340.00,0.00
WMC,2023-04-28 01:56,-117.8072,40.9019,30.07,1015.90,75.00,6.00,M,20.00,0.00
WMC,2023-04-28 02:56,-117.8072,40.9019,30.08,1015.70,68.00,5.00,M,50.00,0.00
WMC,2023-04-28 03:56,-117.8072,40.9019,30.10,1016.00,65.00,7.00,M,60.00,0.00
WMC,2023-04-28 04:56,-117.8072,40.9019,30.11,1016.20,64.00,13.00,M,50.00,0.00
WMC,2023-04-28 05:56,-117.8072,40.9019,30.12,1016.20,61.00,13.00,M,40.00,0.00
WMC,2023-04-28 06:56,-117.8072,40.9019,30.13,1016.40,58.00,9.00,M,40.00,0.00
WMC,2023-04-28 07:56,-117.8072,40.9019,30.14,1016.70,58.00,11.00,M,20.00,0.00
WMC,2023-04-28 08:56,-117.8072,40.9019,30.15,1017.10,56.00,6.00,M,30.00,0.00
WMC,2023-04-28 09:56,-117.8072,40.9019,30.16,1017.60,53.00,10.00,M,60.00,0.00
WMC,2023-04-28 10:56,-117.8072,40.9019,30.16,1017.80,49.00,7.00,M,70.00,0.00
WMC,2023-04-28 11:56,-117.8072,40.9019,30.17,1018.10,50.00,9.00,M,40.00,0.00
WMC,2023-04-28 12:56,-117.8072,40.9019,30.18,1018.70,47.00,4.00,M,M,0.00
WMC,2023-04-28 13:56,-117.8072,40.9019,30.19,1019.10,50.00,6.00,M,110.00,0.00
WMC,2023-04-28 14:56,-117.8072,40.9019,30.21,1019.70,55.00,11.00,M,50.00,0.00
WMC,2023-04-28 15:56,-117.8072,40.9019,30.21,1019.60,60.00,11.00,M,60.00,0.00
WMC,2023-04-28 16:56,-117.8072,40.9019,30.20,1019.10,65.00,8.00,M,70.00,0.00
WMC,2023-04-28 17:56,-117.8072,40.9019,30.19,1018.80,69.00,0.00,M,0.00,0.00
WMC,2023-04-28 18:56,-117.8072,40.9019,30.18,1018.30,72.00,3.00,M,M,0.00
WMC,2023-04-28 19:56,-117.8072,40.9019,30.16,1017.40,76.00,4.00,M,250.00,0.00
WMC,2023-04-28 20:56,-117.8072,40.9019,30.14,1016.90,77.00,5.00,M,M,0.00
WMC,2023-04-28 21:56,-117.8072,40.9019,30.13,1016.40,80.00,5.00,M,M,0.00
WMC,2023-04-28 22:56,-117.8072,40.9019,30.11,1015.90,81.00,0.00,M,0.00,0.00
WMC,2023-04-28 23:56,-117.8072,40.9019,30.10,1015.60,80.00,3.00,M,100.00,0.00
WMC,2023-04-29 00:56,-117.8072,40.9019,30.09,1015.50,81.00,0.00,M,0.00,0.00
WMC,2023-04-29 01:56,-117.8072,40.9019,30.08,1015.10,79.00,5.00,M,40.00,0.00
WMC,2023-04-29 02:56,-117.8072,40.9019,30.09,1015.50,71.00,4.00,M,60.00,0.00
WMC,2023-04-29 03:56,-117.8072,40.9019,30.11,1016.70,58.00,5.00,M,120.00,0.00
WMC,2023-04-29 04:56,-117.8072,40.9019,30.12,1017.30,50.00,5.00,M,140.00,0.00
WMC,2023-04-29 05:56,-117.8072,40.9019,30.13,1017.10,52.00,7.00,M,120.00,0.00
WMC,2023-04-29 06:56,-117.8072,40.9019,30.13,1017.70,45.00,5.00,M,150.00,0.00
WMC,2023-04-29 07:56,-117.8072,40.9019,30.14,1017.60,43.00,6.00,M,110.00,0.00
WMC,2023-04-29 08:56,-117.8072,40.9019,30.13,1017.20,47.00,7.00,M,150.00,0.00
WMC,2023-04-29 09:56,-117.8072,40.9019,30.14,1017.50,43.00,3.00,M,320.00,0.00
WMC,2023-04-29 10:56,-117.8072,40.9019,30.15,1018.10,37.00,0.00,M,0.00,0.00
WMC,2023-04-29 11:56,-117.8072,40.9019,30.15,1017.90,39.00,0.00,M,0.00,0.00
WMC,2023-04-29 12:56,-117.8072,40.9019,30.15,1018.30,36.00,5.00,M,170.00,0.00
WMC,2023-04-29 13:56,-117.8072,40.9019,30.16,1018.10,46.00,4.00,M,120.00,0.00
WMC,2023-04-29 14:56,-117.8072,40.9019,30.17,1018.40,54.00,3.00,M,100.00,0.00
WMC,2023-04-29 15:56,-117.8072,40.9019,30.17,1018.50,65.00,6.00,M,30.00,0.00
WMC,2023-04-29 16:56,-117.8072,40.9019,30.16,1018.30,71.00,3.00,M,60.00,0.00
WMC,2023-04-29 17:56,-117.8072,40.9019,30.15,1017.50,78.00,3.00,M,M,0.00
WMC,2023-04-29 18:56,-117.8072,40.9019,30.13,1016.70,82.00,5.00,M,160.00,0.00
WMC,2023-04-29 19:56,-117.8072,40.9019,30.10,1016.00,82.00,4.00,M,M,0.00
WMC,2023-04-29 20:56,-117.8072,40.9019,30.08,1014.80,84.00,3.00,M,160.00,0.00
WMC,2023-04-29 21:56,-117.8072,40.9019,30.06,1014.40,84.00,4.00,M,140.00,0.00
WMC,2023-04-29 22:56,-117.8072,40.9019,30.03,1013.80,86.00,8.00,M,230.00,0.00
WMC,2023-04-29 23:56,-117.8072,40.9019,30.01,1012.90,86.00,10.00,18.00,250.00,0.00
WMC,2023-04-30 00:56,-117.8072,40.9019,30.00,1012.70,85.00,8.00,M,230.00,0.00
WMC,2023-04-30 01:56,-117.8072,40.9019,29.99,1011.80,81.00,6.00,M,240.00,0.00
WMC,2023-04-30 02:56,-117.8072,40.9019,29.99,1012.30,67.00,7.00,M,230.00,0.00
WMC,2023-04-30 03:56,-117.8072,40.9019,30.01,1012.60,65.00,0.00,M,0.00,0.00
WMC,2023-04-30 04:56,-117.8072,40.9019,30.02,1012.70,60.00,0.00,M,0.00,0.00
WMC,2023-04-30 05:56,-117.8072,40.9019,30.02,1012.30,62.00,4.00,M,270.00,0.00
WMC,2023-04-30 06:56,-117.8072,40.9019,30.03,1012.20,62.00,4.00,M,300.00,0.00
WMC,2023-04-30 07:56,-117.8072,40.9019,30.02,1012.20,55.00,0.00,M,0.00,0.00
WMC,2023-04-30 08:56,-117.8072,40.9019,30.01,1012.10,49.00,3.00,M,140.00,0.00
WMC,2023-04-30 09:56,-117.8072,40.9019,29.99,1011.90,45.00,7.00,M,160.00,0.00
WMC,2023-04-30 10:56,-117.8072,40.9019,29.99,1011.70,42.00,4.00,M,210.00,0.00
WMC,2023-04-30 11:56,-117.8072,40.9019,29.98,1011.40,42.00,7.00,M,160.00,0.00
WMC,2023-04-30 12:56,-117.8072,40.9019,29.97,1011.50,39.00,5.00,M,140.00,0.00
WMC,2023-04-30 13:56,-117.8072,40.9019,29.97,1011.30,47.00,0.00,M,0.00,0.00
WMC,2023-04-30 14:56,-117.8072,40.9019,29.97,1011.40,56.00,3.00,M,150.00,0.00
WMC,2023-04-30 15:56,-117.8072,40.9019,29.95,1010.40,66.00,0.00,M,0.00,0.00
WMC,2023-04-30 16:56,-117.8072,40.9019,29.94,1009.80,72.00,3.00,M,M,0.00
WMC,2023-04-30 17:56,-117.8072,40.9019,29.91,1008.40,77.00,0.00,M,0.00,0.00
WMC,2023-04-30 18:56,-117.8072,40.9019,29.88,1007.40,77.00,3.00,M,350.00,0.00
WMC,2023-04-30 19:56,-117.8072,40.9019,29.85,1006.60,81.00,11.00,19.00,290.00,0.00
WMC,2023-04-30 20:56,-117.8072,40.9019,29.83,1006.20,81.00,11.00,18.00,230.00,0.00
WMC,2023-04-30 21:56,-117.8072,40.9019,29.80,1005.20,82.00,10.00,18.00,200.00,0.00
WMC,2023-04-30 22:56,-117.8072,40.9019,29.77,1004.80,80.00,14.00,20.00,260.00,0.00
WMC,2023-04-30 23:56,-117.8072,40.9019,29.76,1004.20,80.00,11.00,20.00,240.00,0.00
WMC,2023-05-01 00:56,-117.8072,40.9019,29.73,1003.50,80.00,11.00,17.00,260.00,0.00
WMC,2023-05-01 01:56,-117.8072,40.9019,29.71,1002.60,77.00,10.00,M,270.00,0.00
WMC,2023-05-01 02:56,-117.8072,40.9019,29.71,1002.60,68.00,11.00,M,260.00,0.00
WMC,2023-05-01 03:56,-117.8072,40.9019,29.73,1002.60,66.00,10.00,M,270.00,0.00
WMC,2023-05-01 04:56,-117.8072,40.9019,29.75,1003.20,64.00,8.00,M,280.00,0.00
WMC,2023-05-01 05:56,-117.8072,40.9019,29.75,1002.70,62.00,3.00,M,350.00,0.00
WMC,2023-05-01 06:56,-117.8072,40.9019,29.74,1003.00,57.00,0.00,M,0.00,0.00
WMC,2023-05-01 07:56,-117.8072,40.9019,29.73,1002.10,58.00,3.00,M,80.00,0.00
WMC,2023-05-01 08:56,-117.8072,40.9019,29.71,1001.60,54.00,3.00,M,50.00,0.00
WMC,2023-05-01 09:56,-117.8072,40.9019,29.69,1001.70,44.00,0.00,M,0.00,0.00
WMC,2023-05-01 10:56,-117.8072,40.9019,29.68,1001.80,39.00,3.00,M,180.00,0.00
WMC,2023-05-01 11:56,-117.8072,40.9019,29.67,1001.70,38.00,6.00,M,180.00,0.00
WMC,2023-05-01 12:56,-117.8072,40.9019,29.67,1001.40,37.00,0.00,M,0.00,0.00
WMC,2023-05-01 13:56,-117.8072,40.9019,29.66,1001.00,45.00,0.00,M,0.00,0.00
WMC,2023-05-01 14:56,-117.8072,40.9019,29.66,1000.60,58.00,0.00,M,0.00,0.00
WMC,2023-05-01 15:56,-117.8072,40.9019,29.65,999.70,65.00,6.00,M,340.00,0.00
WMC,2023-05-01 16:56,-117.8072,40.9019,29.63,999.00,68.00,8.00,15.00,310.00,0.00
WMC,2023-05-01 17:56,-117.8072,40.9019,29.61,998.20,71.00,7.00,M,340.00,0.00
WMC,2023-05-01 18:56,-117.8072,40.9019,29.58,997.60,72.00,4.00,M,60.00,0.00
WMC,2023-05-01 19:56,-117.8072,40.9019,29.54,996.00,76.00,10.00,17.00,150.00,0.00
WMC,2023-05-01 20:56,-117.8072,40.9019,29.52,995.60,76.00,12.00,M,260.00,0.00
WMC,2023-05-01 21:56,-117.8072,40.9019,29.50,995.10,77.00,10.00,22.00,250.00,0.00
WMC,2023-05-01 22:43,-117.8072,40.9019,29.49,M,71.00,26.00,37.00,260.00,0.00
WMC,2023-05-01 22:47,-117.8072,40.9019,29.49,M,68.00,29.00,42.00,280.00,0.00
WMC,2023-05-01 22:49,-117.8072,40.9019,29.49,M,67.00,29.00,42.00,280.00,0.00
WMC,2023-05-01 22:52,-117.8072,40.9019,29.50,M,66.20,26.00,42.00,270.00,0.00
WMC,2023-05-01 22:56,-117.8072,40.9019,29.50,996.60,65.00,24.00,42.00,270.00,0.00
WMC,2023-05-01 23:07,-117.8072,40.9019,29.53,M,62.00,31.00,49.00,270.00,0.00
WMC,2023-05-01 23:16,-117.8072,40.9019,29.53,M,63.00,31.00,46.00,270.00,0.00
WMC,2023-05-01 23:27,-117.8072,40.9019,29.53,M,62.00,30.00,43.00,270.00,0.00
WMC,2023-05-01 23:42,-117.8072,40.9019,29.52,M,63.00,26.00,37.00,270.00,0.00
WMC,2023-05-01 23:49,-117.8072,40.9019,29.54,M,63.00,20.00,36.00,280.00,0.00
WMC,2023-05-01 23:56,-117.8072,40.9019,29.54,998.10,63.00,22.00,32.00,280.00,0.00
WMC,2023-05-02 00:35,-117.8072,40.9019,29.54,M,59.00,22.00,37.00,280.00,0.00
WMC,2023-05-02 00:42,-117.8072,40.9019,29.54,M,58.00,26.00,38.00,280.00,0.00
WMC,2023-05-02 00:53,-117.8072,40.9019,29.54,M,57.20,18.00,35.00,280.00,0.00
WMC,2023-05-02 00:56,-117.8072,40.9019,29.55,998.80,58.00,27.00,36.00,270.00,0.00
WMC,2023-05-02 01:11,-117.8072,40.9019,29.55,M,57.00,24.00,33.00,270.00,0.00
WMC,2023-05-02 01:56,-117.8072,40.9019,29.56,998.90,54.00,18.00,29.00,280.00,0.00
WMC,2023-05-02 02:56,-117.8072,40.9019,29.58,998.80,51.00,9.00,M,250.00,0.00
WMC,2023-05-02 03:56,-117.8072,40.9019,29.59,998.80,50.00,0.00,M,0.00,0.00
WMC,2023-05-02 04:56,-117.8072,40.9019,29.59,998.70,49.00,0.00,M,0.00,0.00
WMC,2023-05-02 05:56,-117.8072,40.9019,29.60,999.10,45.00,4.00,M,250.00,0.00
WMC,2023-05-02 06:56,-117.8072,40.9019,29.59,998.50,48.00,3.00,M,250.00,0.00
WMC,2023-05-02 07:56,-117.8072,40.9019,29.57,997.50,47.00,3.00,M,300.00,0.00
WMC,2023-05-02 08:56,-117.8072,40.9019,29.54,996.60,45.00,8.00,M,260.00,0.00
WMC,2023-05-02 09:56,-117.8072,40.9019,29.54,996.50,46.00,6.00,M,300.00,0.00
WMC,2023-05-02 10:56,-117.8072,40.9019,29.55,998.00,42.00,4.00,M,250.00,0.00
WMC,2023-05-02 11:56,-117.8072,40.9019,29.58,999.50,41.00,5.00,M,140.00,0.00
WMC,2023-05-02 12:56,-117.8072,40.9019,29.63,1001.00,45.00,18.00,26.00,140.00,0.00
WMC,2023-05-02 13:56,-117.8072,40.9019,29.69,1003.50,45.00,20.00,29.00,140.00,0.00
WMC,2023-05-02 14:56,-117.8072,40.9019,29.74,1005.30,47.00,14.00,25.00,170.00,0.00
WMC,2023-05-02 15:56,-117.8072,40.9019,29.77,1006.10,52.00,13.00,M,150.00,0.00
WMC,2023-05-02 16:56,-117.8072,40.9019,29.79,1006.90,51.00,7.00,18.00,270.00,0.00
WMC,2023-05-02 17:56,-117.8072,40.9019,29.79,1006.70,56.00,8.00,M,250.00,0.00
WMC,2023-05-02 18:56,-117.8072,40.9019,29.77,1006.00,58.00,M,M,M,0.00
WMC,2023-05-02 19:56,-117.8072,40.9019,29.76,1005.30,61.00,6.00,M,20.00,0.00
WMC,2023-05-02 20:56,-117.8072,40.9019,29.74,1004.50,62.00,0.00,M,0.00,0.00
WMC,2023-05-02 21:56,-117.8072,40.9019,29.70,1002.70,68.00,10.00,15.00,310.00,0.00
WMC,2023-05-02 22:56,-117.8072,40.9019,29.66,1001.80,68.00,0.00,M,0.00,0.00
WMC,2023-05-02 23:56,-117.8072,40.9019,29.66,1001.60,68.00,4.00,M,220.00,0.00
WMC,2023-05-03 00:56,-117.8072,40.9019,29.68,1002.00,69.00,17.00,27.00,150.00,0.00
WMC,2023-05-03 01:56,-117.8072,40.9019,29.69,1002.70,66.00,9.00,M,180.00,0.00
WMC,2023-05-03 02:56,-117.8072,40.9019,29.71,1003.60,58.00,6.00,M,130.00,0.00
WMC,2023-05-03 03:56,-117.8072,40.9019,29.72,1004.40,51.00,6.00,M,190.00,0.00
WMC,2023-05-03 04:56,-117.8072,40.9019,29.74,1004.90,52.00,9.00,M,190.00,0.00
WMC,2023-05-03 05:56,-117.8072,40.9019,29.76,1005.50,50.00,5.00,M,290.00,0.00
WMC,2023-05-03 06:56,-117.8072,40.9019,29.77,1005.70,48.00,0.00,M,0.00,0.00
WMC,2023-05-03 07:56,-117.8072,40.9019,29.78,1006.20,45.00,6.00,M,360.00,0.00
WMC,2023-05-03 08:56,-117.8072,40.9019,29.78,1006.20,41.00,5.00,M,280.00,0.00
WMC,2023-05-03 09:56,-117.8072,40.9019,29.78,1005.90,42.00,4.00,M,360.00,0.00
WMC,2023-05-03 10:56,-117.8072,40.9019,29.79,1006.60,36.00,0.00,M,0.00,0.00
WMC,2023-05-03 11:56,-117.8072,40.9019,29.79,1006.50,38.00,5.00,M,360.00,0.00
WMC,2023-05-03 12:56,-117.8072,40.9019,29.80,1007.00,37.00,5.00,M,350.00,0.00
WMC,2023-05-03 13:56,-117.8072,40.9019,29.82,1007.80,37.00,0.00,M,0.00,0.00
WMC,2023-05-03 14:56,-117.8072,40.9019,29.83,1008.00,46.00,0.00,M,0.00,0.00
WMC,2023-05-03 15:56,-117.8072,40.9019,29.82,1007.80,53.00,9.00,M,280.00,0.00
WMC,2023-05-03 16:56,-117.8072,40.9019,29.81,1006.90,58.00,8.00,M,310.00,0.00
WMC,2023-05-03 17:56,-117.8072,40.9019,29.79,1006.00,63.00,8.00,M,290.00,0.00
WMC,2023-05-03 18:56,-117.8072,40.9019,29.77,1005.20,66.00,5.00,M,290.00,0.00
WMC,2023-05-03 19:56,-117.8072,40.9019,29.75,1004.80,64.00,11.00,M,250.00,0.00
WMC,2023-05-03 20:56,-117.8072,40.9019,29.74,1004.80,65.00,10.00,M,270.00,0.00
WMC,2023-05-03 21:56,-117.8072,40.9019,29.72,1003.80,67.00,6.00,M,M,0.00
WMC,2023-05-03 22:56,-117.8072,40.9019,29.70,1003.30,69.00,6.00,M,160.00,0.00
WMC,2023-05-03 23:32,-117.8072,40.9019,29.69,M,67.00,7.00,21.00,190.00,0.00
WMC,2023-05-03 23:56,-117.8072,40.9019,29.69,1003.00,68.00,9.00,16.00,180.00,0.00
WMC,2023-05-04 00:56,-117.8072,40.9019,29.67,1002.60,67.00,5.00,M,170.00,0.00
WMC,2023-05-04 01:56,-117.8072,40.9019,29.66,1002.20,66.00,5.00,M,230.00,0.00
WMC,2023-05-04 02:56,-117.8072,40.9019,29.67,1002.40,61.00,12.00,M,260.00,0.00
WMC,2023-05-04 03:56,-117.8072,40.9019,29.69,1002.60,58.00,8.00,M,250.00,0.00
WMC,2023-05-04 04:56,-117.8072,40.9019,29.70,1002.80,55.00,5.00,M,210.00,0.00
WMC,2023-05-04 05:56,-117.8072,40.9019,29.70,1003.10,49.00,0.00,M,0.00,0.00
WMC,2023-05-04 06:56,-117.8072,40.9019,29.69,1002.60,46.00,0.00,M,0.00,0.00
WMC,2023-05-04 07:56,-117.8072,40.9019,29.68,1002.30,48.00,6.00,M,250.00,0.00
WMC,2023-05-04 08:56,-117.8072,40.9019,29.69,1001.90,56.00,11.00,M,190.00,0.00
WMC,2023-05-04 09:56,-117.8072,40.9019,29.68,1001.60,53.00,3.00,M,350.00,0.00
WMC,2023-05-04 10:56,-117.8072,40.9019,29.69,1001.90,50.00,6.00,M,140.00,0.00
WMC,2023-05-04 11:56,-117.8072,40.9019,29.68,1001.90,48.00,0.00,M,0.00,0.00
WMC,2023-05-04 12:56,-117.8072,40.9019,29.68,1002.40,43.00,0.00,M,0.00,0.00
WMC,2023-05-04 13:56,-117.8072,40.9019,29.70,1002.70,49.00,4.00,M,150.00,0.00
WMC,2023-05-04 14:56,-117.8072,40.9019,29.71,1002.90,56.00,6.00,M,170.00,0.00
WMC,2023-05-04 15:56,-117.8072,40.9019,29.72,1003.10,59.00,3.00,M,M,0.00
WMC,2023-05-04 16:56,-117.8072,40.9019,29.71,1002.80,62.00,5.00,M,200.00,0.00
WMC,2023-05-04 17:56,-117.8072,40.9019,29.70,1002.80,63.00,6.00,M,M,0.00
WMC,2023-05-04 18:56,-117.8072,40.9019,29.67,1002.20,64.00,4.00,M,M,0.00
WMC,2023-05-04 19:56,-117.8072,40.9019,29.66,1001.10,67.00,M,M,M,0.00
WMC,2023-05-04 20:56,-117.8072,40.9019,29.65,1000.60,65.00,6.00,16.00,30.00,0.00
WMC,2023-05-04 21:56,-117.8072,40.9019,29.65,1000.70,64.00,10.00,18.00,150.00,0.00
WMC,2023-05-04 22:56,-117.8072,40.9019,29.65,1001.00,64.00,5.00,M,M,0.00
WMC,2023-05-04 23:56,-117.8072,40.9019,29.66,1002.10,56.00,25.00,35.00,140.00,0.00
WMC,2023-05-05 00:56,-117.8072,40.9019,29.69,1003.70,54.00,19.00,28.00,160.00,0.00
WMC,2023-05-05 01:56,-117.8072,40.9019,29.68,1003.20,52.00,15.00,25.00,160.00,0.00
WMC,2023-05-05 02:56,-117.8072,40.9019,29.70,1003.10,52.00,11.00,M,160.00,0.00
WMC,2023-05-05 03:56,-117.8072,40.9019,29.73,1004.10,52.00,5.00,17.00,170.00,0.00
WMC,2023-05-05 04:56,-117.8072,40.9019,29.77,1005.80,46.00,11.00,M,140.00,T
WMC,2023-05-05 05:56,-117.8072,40.9019,29.77,1005.80,44.00,7.00,M,160.00,0.04
WMC,2023-05-05 06:18,-117.8072,40.9019,29.77,M,44.00,8.00,17.00,170.00,0.01
WMC,2023-05-05 06:49,-117.8072,40.9019,29.76,M,44.00,10.00,M,170.00,0.03
WMC,2023-05-05 06:56,-117.8072,40.9019,29.76,1005.50,43.00,13.00,M,160.00,0.03
WMC,2023-05-05 07:16,-117.8072,40.9019,29.77,M,43.00,13.00,19.00,160.00,0.02
WMC,2023-05-05 07:56,-117.8072,40.9019,29.77,1005.40,43.00,13.00,21.00,160.00,0.08
WMC,2023-05-05 08:54,-117.8072,40.9019,29.77,M,42.80,8.00,15.00,230.00,0.05
WMC,2023-05-05 08:56,-117.8072,40.9019,29.77,1005.50,43.00,9.00,15.00,230.00,0.05
WMC,2023-05-05 09:56,-117.8072,40.9019,29.77,1006.00,41.00,14.00,24.00,240.00,0.02
WMC,2023-05-05 10:07,-117.8072,40.9019,29.78,M,40.00,15.00,23.00,250.00,T
WMC,2023-05-05 10:45,-117.8072,40.9019,29.78,M,39.00,14.00,M,250.00,0.03
WMC,2023-05-05 10:56,-117.8072,40.9019,29.78,1006.20,40.00,12.00,22.00,250.00,0.04
WMC,2023-05-05 11:56,-117.8072,40.9019,29.79,1007.30,39.00,8.00,M,230.00,0.07
WMC,2023-05-05 12:56,-117.8072,40.9019,29.81,1008.00,39.00,8.00,M,200.00,0.12
WMC,2023-05-05 13:56,-117.8072,40.9019,29.82,1008.90,38.00,7.00,M,170.00,0.09
WMC,2023-05-05 14:08,-117.8072,40.9019,29.83,M,38.00,13.00,21.00,160.00,0.02
WMC,2023-05-05 14:56,-117.8072,40.9019,29.85,1009.70,38.00,5.00,M,210.00,0.10
WMC,2023-05-05 15:03,-117.8072,40.9019,29.85,M,38.00,7.00,M,190.00,0.01
WMC,2023-05-05 15:17,-117.8072,40.9019,29.85,M,38.00,10.00,M,150.00,0.03
WMC,2023-05-05 15:56,-117.8072,40.9019,29.87,1010.20,39.00,7.00,M,180.00,0.07
WMC,2023-05-05 16:56,-117.8072,40.9019,29.88,1011.10,42.00,13.00,21.00,230.00,0.04
WMC,2023-05-05 17:51,-117.8072,40.9019,29.89,M,42.80,14.00,24.00,240.00,0.02
WMC,2023-05-05 17:56,-117.8072,40.9019,29.89,1011.70,42.00,14.00,25.00,240.00,0.03
WMC,2023-05-05 18:56,-117.8072,40.9019,29.90,1011.70,44.00,18.00,28.00,240.00,0.01
WMC,2023-05-05 19:56,-117.8072,40.9019,29.91,1012.00,46.00,16.00,26.00,240.00,T
WMC,2023-05-05 20:11,-117.8072,40.9019,29.91,M,49.00,18.00,26.00,230.00,T
WMC,2023-05-05 20:21,-117.8072,40.9019,29.91,M,48.00,14.00,25.00,240.00,T
WMC,2023-05-05 20:56,-117.8072,40.9019,29.92,1012.20,48.00,17.00,24.00,230.00,T
WMC,2023-05-05 21:56,-117.8072,40.9019,29.93,1012.60,49.00,15.00,23.00,230.00,T
WMC,2023-05-05 22:56,-117.8072,40.9019,29.93,1012.50,49.00,11.00,21.00,230.00,0.00
WMC,2023-05-05 23:56,-117.8072,40.9019,29.92,1012.40,51.00,7.00,M,230.00,0.00
WMC,2023-05-06 00:56,-117.8072,40.9019,29.92,1012.60,48.00,6.00,M,360.00,0.00
WMC,2023-05-06 01:56,-117.8072,40.9019,29.92,1012.50,49.00,8.00,M,350.00,0.00
WMC,2023-05-06 02:56,-117.8072,40.9019,29.95,1014.00,44.00,17.00,25.00,210.00,T
WMC,2023-05-06 03:16,-117.8072,40.9019,29.96,M,43.00,4.00,M,280.00,0.06
WMC,2023-05-06 03:33,-117.8072,40.9019,29.96,M,43.00,6.00,M,140.00,0.10
WMC,2023-05-06 03:56,-117.8072,40.9019,29.96,1014.30,43.00,7.00,M,90.00,0.10
WMC,2023-05-06 04:56,-117.8072,40.9019,29.96,1014.10,43.00,0.00,M,0.00,T
WMC,2023-05-06 05:56,-117.8072,40.9019,29.96,1014.30,42.00,5.00,M,190.00,0.00
WMC,2023-05-06 06:56,-117.8072,40.9019,29.96,1014.20,40.00,0.00,M,0.00,0.00
WMC,2023-05-06 07:56,-117.8072,40.9019,29.95,1013.80,39.00,0.00,M,0.00,0.00
WMC,2023-05-06 08:56,-117.8072,40.9019,29.96,1013.90,39.00,4.00,M,190.00,0.00
WMC,2023-05-06 09:56,-117.8072,40.9019,29.95,1013.30,40.00,0.00,M,0.00,0.00
WMC,2023-05-06 10:56,-117.8072,40.9019,29.95,1013.20,40.00,4.00,M,80.00,0.00
WMC,2023-05-06 11:56,-117.8072,40.9019,29.94,1012.90,39.00,0.00,M,0.00,0.00
WMC,2023-05-06 12:56,-117.8072,40.9019,29.94,1013.20,40.00,3.00,M,100.00,0.00
WMC,2023-05-06 13:56,-117.8072,40.9019,29.95,1013.10,43.00,6.00,M,150.00,0.00
WMC,2023-05-06 14:56,-117.8072,40.9019,29.96,1013.70,43.00,7.00,M,170.00,0.00
WMC,2023-05-06 15:56,-117.8072,40.9019,29.97,1014.30,44.00,9.00,M,220.00,T
WMC,2023-05-06 16:22,-117.8072,40.9019,29.98,M,43.00,9.00,M,250.00,T
WMC,2023-05-06 16:56,-117.8072,40.9019,29.98,1014.50,44.00,8.00,M,240.00,T
WMC,2023-05-06 17:56,-117.8072,40.9019,29.99,1014.90,45.00,9.00,M,240.00,T
WMC,2023-05-06 18:16,-117.8072,40.9019,29.99,M,45.00,5.00,M,160.00,T
WMC,2023-05-06 18:56,-117.8072,40.9019,29.99,1015.20,46.00,9.00,M,230.00,T
WMC,2023-05-06 19:15,-117.8072,40.9019,29.99,M,46.00,9.00,M,220.00,0.00
WMC,2023-05-06 19:56,-117.8072,40.9019,29.99,1015.00,47.00,7.00,M,260.00,T
WMC,2023-05-06 20:56,-117.8072,40.9019,29.97,1013.90,50.00,6.00,M,M,0.00
WMC,2023-05-06 21:56,-117.8072,40.9019,29.94,1012.90,51.00,M,M,M,0.00
WMC,2023-05-06 22:56,-117.8072,40.9019,29.97,1013.70,52.00,21.00,33.00,240.00,0.00
WMC,2023-05-06 23:16,-117.8072,40.9019,29.99,M,40.00,24.00,42.00,270.00,0.01
WMC,2023-05-06 23:25,-117.8072,40.9019,29.99,M,40.00,16.00,32.00,270.00,0.02
WMC,2023-05-06 23:46,-117.8072,40.9019,29.99,M,41.00,13.00,22.00,290.00,0.03
WMC,2023-05-06 23:56,-117.8072,40.9019,29.98,1015.10,42.00,6.00,M,300.00,0.03
WMC,2023-05-07 00:56,-117.8072,40.9019,29.98,1014.80,44.00,3.00,M,140.00,0.00
WMC,2023-05-07 01:56,-117.8072,40.9019,29.97,1014.10,46.00,8.00,M,190.00,0.00
WMC,2023-05-07 02:56,-117.8072,40.9019,29.99,1015.20,43.00,8.00,M,190.00,0.00
WMC,2023-05-07 03:30,-117.8072,40.9019,30.00,M,41.00,12.00,22.00,170.00,T
WMC,2023-05-07 03:37,-117.8072,40.9019,30.01,M,41.00,7.00,16.00,170.00,T
WMC,2023-05-07 03:56,-117.8072,40.9019,30.01,1015.70,41.00,6.00,M,150.00,T
WMC,2023-05-07 04:56,-117.8072,40.9019,30.01,1016.00,40.00,7.00,M,190.00,0.00
WMC,2023-05-07 05:56,-117.8072,40.9019,30.02,1016.00,40.00,6.00,M,200.00,0.00
WMC,2023-05-07 06:56,-117.8072,40.9019,30.03,1016.50,38.00,7.00,M,180.00,0.00
WMC,2023-05-07 07:56,-117.8072,40.9019,30.03,1016.50,36.00,6.00,M,150.00,0.00
WMC,2023-05-07 08:56,-117.8072,40.9019,30.02,1016.20,35.00,3.00,M,M,0.00
WMC,2023-05-07 09:56,-117.8072,40.9019,30.03,1016.40,34.00,3.00,M,220.00,0.00
WMC,2023-05-07 10:56,-117.8072,40.9019,30.02,1016.10,35.00,9.00,M,190.00,0.00
WMC,2023-05-07 11:56,-117.8072,40.9019,30.02,1016.90,34.00,0.00,M,0.00,0.00
WMC,2023-05-07 12:56,-117.8072,40.9019,30.03,1017.30,32.00,4.00,M,160.00,0.00
WMC,2023-05-07 13:56,-117.8072,40.9019,30.05,1017.40,37.00,3.00,M,130.00,0.00
WMC,2023-05-07 14:56,-117.8072,40.9019,30.05,1017.30,43.00,0.00,M,0.00,0.00
WMC,2023-05-07 15:56,-117.8072,40.9019,30.06,1017.30,46.00,0.00,M,0.00,0.00
WMC,2023-05-07 16:56,-117.8072,40.9019,30.06,1017.30,49.00,9.00,M,250.00,0.00
WMC,2023-05-07 17:56,-117.8072,40.9019,30.06,1017.10,51.00,13.00,20.00,250.00,0.00
WMC,2023-05-07 18:56,-117.8072,40.9019,30.06,1016.90,53.00,10.00,17.00,240.00,0.00
WMC,2023-05-07 19:56,-117.8072,40.9019,30.05,1016.80,54.00,9.00,19.00,230.00,0.00
WMC,2023-05-07 20:56,-117.8072,40.9019,30.04,1016.20,56.00,8.00,17.00,240.00,0.00
WMC,2023-05-07 21:56,-117.8072,40.9019,30.03,1016.10,57.00,8.00,19.00,280.00,0.00
WMC,2023-05-07 22:56,-117.8072,40.9019,30.03,1015.70,59.00,12.00,19.00,260.00,0.00
WMC,2023-05-07 23:56,-117.8072,40.9019,30.02,1015.90,56.00,12.00,15.00,240.00,0.00
WMC,2023-05-08 00:56,-117.8072,40.9019,30.02,1015.90,55.00,6.00,M,270.00,0.00
WMC,2023-05-08 01:56,-117.8072,40.9019,30.01,1015.20,54.00,5.00,M,280.00,0.00
WMC,2023-05-08 02:56,-117.8072,40.9019,30.00,1014.80,50.00,3.00,M,80.00,0.00
WMC,2023-05-08 03:56,-117.8072,40.9019,30.01,1015.00,47.00,3.00,M,30.00,0.00
WMC,2023-05-08 04:56,-117.8072,40.9019,30.02,1015.70,40.00,4.00,M,280.00,0.00
WMC,2023-05-08 05:56,-117.8072,40.9019,30.02,1015.30,43.00,0.00,M,0.00,0.00
WMC,2023-05-08 06:56,-117.8072,40.9019,30.01,1015.10,41.00,0.00,M,0.00,0.00
WMC,2023-05-08 07:56,-117.8072,40.9019,30.00,1014.80,42.00,0.00,M,0.00,0.00
WMC,2023-05-08 08:56,-117.8072,40.9019,29.99,1014.40,40.00,4.00,M,150.00,0.00
WMC,2023-05-08 09:56,-117.8072,40.9019,29.98,1013.90,40.00,4.00,M,180.00,0.00
WMC,2023-05-08 10:56,-117.8072,40.9019,29.98,1013.90,37.00,5.00,M,170.00,0.00
WMC,2023-05-08 11:56,-117.8072,40.9019,29.98,1013.90,38.00,5.00,M,160.00,0.00
WMC,2023-05-08 12:56,-117.8072,40.9019,29.97,1014.00,37.00,6.00,M,170.00,0.00
WMC,2023-05-08 13:56,-117.8072,40.9019,29.98,1013.90,41.00,5.00,M,160.00,0.00
WMC,2023-05-08 14:56,-117.8072,40.9019,29.98,1014.10,45.00,5.00,M,130.00,0.00
WMC,2023-05-08 15:56,-117.8072,40.9019,29.98,1013.80,51.00,0.00,M,0.00,0.00
WMC,2023-05-08 16:56,-117.8072,40.9019,29.97,1013.60,55.00,5.00,M,190.00,0.00
WMC,2023-05-08 17:56,-117.8072,40.9019,29.96,1013.00,56.00,6.00,M,240.00,0.00
WMC,2023-05-08 18:56,-117.8072,40.9019,29.95,1012.60,58.00,5.00,M,M,0.00
WMC,2023-05-08 19:56,-117.8072,40.9019,29.92,1011.50,59.00,16.00,23.00,180.00,0.00
WMC,2023-05-08 20:56,-117.8072,40.9019,29.92,1011.50,59.00,14.00,26.00,240.00,0.00
WMC,2023-05-08 21:56,-117.8072,40.9019,29.91,1010.80,63.00,19.00,27.00,230.00,0.00
WMC,2023-05-08 22:56,-117.8072,40.9019,29.87,1009.90,62.00,11.00,22.00,170.00,0.00
WMC,2023-05-08 23:26,-117.8072,40.9019,29.87,M,55.00,14.00,20.00,160.00,0.01
WMC,2023-05-08 23:41,-117.8072,40.9019,29.87,M,59.00,7.00,M,160.00,0.01
WMC,2023-05-08 23:56,-117.8072,40.9019,29.87,1009.80,62.00,17.00,24.00,240.00,0.01
WMC,2023-05-09 00:12,-117.8072,40.9019,29.88,M,59.00,23.00,31.00,290.00,0.00
WMC,2023-05-09 00:25,-117.8072,40.9019,29.88,M,58.00,18.00,28.00,280.00,0.00
WMC,2023-05-09 00:56,-117.8072,40.9019,29.89,1011.10,55.00,19.00,30.00,280.00,0.00
WMC,2023-05-09 01:56,-117.8072,40.9019,29.92,1011.90,54.00,21.00,33.00,270.00,T
WMC,2023-05-09 02:56,-117.8072,40.9019,30.01,1015.70,42.00,24.00,32.00,280.00,T
WMC,2023-05-09 03:56,-117.8072,40.9019,30.04,1016.30,40.00,6.00,M,140.00,T
WMC,2023-05-09 04:56,-117.8072,40.9019,30.05,1016.50,40.00,9.00,M,140.00,0.00
WMC,2023-05-09 05:56,-117.8072,40.9019,30.08,1017.10,41.00,8.00,14.00,210.00,0.00
WMC,2023-05-09 06:56,-117.8072,40.9019,30.09,1017.50,39.00,7.00,M,230.00,0.00
WMC,2023-05-09 07:56,-117.8072,40.9019,30.09,1017.60,39.00,5.00,M,M,0.00
WMC,2023-05-09 08:56,-117.8072,40.9019,30.09,1017.90,32.00,7.00,M,180.00,0.00
WMC,2023-05-09 09:56,-117.8072,40.9019,30.08,1017.60,30.90,4.00,M,130.00,0.00
WMC,2023-05-09 10:56,-117.8072,40.9019,30.08,1017.50,30.90,0.00,M,0.00,0.00
WMC,2023-05-09 11:56,-117.8072,40.9019,30.08,1017.70,28.90,0.00,M,0.00,0.00
WMC,2023-05-09 12:56,-117.8072,40.9019,30.08,1018.30,28.90,4.00,M,120.00,0.00
WMC,2023-05-09 13:56,-117.8072,40.9019,30.09,1018.40,32.00,0.00,M,0.00,0.00
WMC,2023-05-09 14:56,-117.8072,40.9019,30.09,1018.90,38.00,4.00,M,60.00,0.00
WMC,2023-05-09 15:56,-117.8072,40.9019,30.09,1018.40,45.00,0.00,M,0.00,0.00
WMC,2023-05-09 16:56,-117.8072,40.9019,30.08,1018.10,47.00,0.00,M,0.00,0.00
WMC,2023-05-09 17:56,-117.8072,40.9019,30.07,1017.20,50.00,3.00,M,M,0.00
WMC,2023-05-09 18:56,-117.8072,40.9019,30.05,1016.70,53.00,3.00,M,M,0.00
WMC,2023-05-09 19:56,-117.8072,40.9019,30.03,1015.60,58.00,3.00,M,M,0.00
WMC,2023-05-09 20:56,-117.8072,40.9019,30.01,1015.50,58.00,4.00,M,90.00,0.00
WMC,2023-05-09 21:56,-117.8072,40.9019,29.99,1014.70,60.00,3.00,M,M,0.00
WMC,2023-05-09 22:56,-117.8072,40.9019,29.98,1014.20,60.00,6.00,M,100.00,0.00
WMC,2023-05-09 23:56,-117.8072,40.9019,29.97,1014.00,61.00,6.00,M,310.00,0.00
WMC,2023-05-10 00:56,-117.8072,40.9019,29.96,1013.80,61.00,8.00,M,40.00,0.00
WMC,2023-05-10 01:56,-117.8072,40.9019,29.95,1013.10,60.00,8.00,M,360.00,0.00
WMC,2023-05-10 02:56,-117.8072,40.9019,29.96,1013.20,56.00,5.00,M,350.00,0.00
WMC,2023-05-10 03:56,-117.8072,40.9019,29.96,1013.20,53.00,5.00,M,360.00,0.00
WMC,2023-05-10 04:56,-117.8072,40.9019,29.97,1013.70,48.00,5.00,M,280.00,0.00
WMC,2023-05-10 05:56,-117.8072,40.9019,29.97,1013.60,46.00,7.00,M,290.00,0.00
WMC,2023-05-10 06:56,-117.8072,40.9019,29.97,1013.70,41.00,4.00,M,300.00,0.00
WMC,2023-05-10 08:56,-117.8072,40.9019,29.96,1012.50,47.00,9.00,M,50.00,0.00
WMC,2023-05-10 09:56,-117.8072,40.9019,29.95,1012.30,45.00,8.00,M,40.00,0.00
WMC,2023-05-10 10:56,-117.8072,40.9019,29.96,1012.40,45.00,6.00,M,50.00,0.00
WMC,2023-05-10 11:56,-117.8072,40.9019,29.96,1012.70,40.00,4.00,M,320.00,0.00
WMC,2023-05-10 12:56,-117.8072,40.9019,29.98,1013.30,40.00,4.00,M,330.00,0.00
WMC,2023-05-10 13:56,-117.8072,40.9019,29.99,1013.50,44.00,3.00,M,260.00,0.00
WMC,2023-05-10 14:56,-117.8072,40.9019,30.00,1013.70,50.00,3.00,M,M,0.00
WMC,2023-05-10 15:56,-117.8072,40.9019,30.00,1013.70,53.00,5.00,M,360.00,0.00
WMC,2023-05-10 16:56,-117.8072,40.9019,29.99,1013.50,56.00,7.00,M,10.00,0.00
WMC,2023-05-10 17:56,-117.8072,40.9019,29.98,1013.30,60.00,6.00,M,330.00,0.00
WMC,2023-05-10 18:56,-117.8072,40.9019,29.97,1013.20,61.00,0.00,M,0.00,0.00
WMC,2023-05-10 19:56,-117.8072,40.9019,29.97,1012.50,63.00,6.00,19.00,330.00,0.00
WMC,2023-05-10 20:56,-117.8072,40.9019,29.96,1012.20,64.00,7.00,M,280.00,0.00
WMC,2023-05-10 21:56,-117.8072,40.9019,29.96,1012.10,66.00,4.00,M,320.00,0.00
WMC,2023-05-10 22:56,-117.8072,40.9019,29.95,1011.90,67.00,6.00,M,M,0.00
WMC,2023-05-10 23:56,-117.8072,40.9019,29.95,1012.30,66.00,4.00,M,M,0.00
WMC,2023-05-11 00:56,-117.8072,40.9019,29.96,1012.20,67.00,10.00,M,360.00,0.00
WMC,2023-05-11 01:56,-117.8072,40.9019,29.96,1012.20,65.00,6.00,M,330.00,0.00
WMC,2023-05-11 02:56,-117.8072,40.9019,29.98,1013.00,58.00,7.00,M,340.00,0.00
WMC,2023-05-11 03:56,-117.8072,40.9019,30.01,1014.00,52.00,4.00,M,350.00,0.00
WMC,2023-05-11 04:56,-117.8072,40.9019,30.02,1014.50,49.00,4.00,M,280.00,0.00
WMC,2023-05-11 05:56,-117.8072,40.9019,30.03,1014.80,46.00,7.00,M,290.00,0.00
WMC,2023-05-11 06:56,-117.8072,40.9019,30.03,1015.00,42.00,3.00,M,240.00,0.00
WMC,2023-05-11 07:56,-117.8072,40.9019,30.04,1015.10,42.00,0.00,M,0.00,0.00
WMC,2023-05-11 08:56,-117.8072,40.9019,30.04,1015.70,36.00,4.00,M,90.00,0.00
WMC,2023-05-11 09:56,-117.8072,40.9019,30.05,1015.60,37.00,5.00,M,140.00,0.00
WMC,2023-05-11 10:56,-117.8072,40.9019,30.05,1015.60,39.00,3.00,M,90.00,0.00
WMC,2023-05-11 11:56,-117.8072,40.9019,30.06,1016.20,34.00,4.00,M,150.00,0.00
WMC,2023-05-11 12:56,-117.8072,40.9019,30.07,1016.50,35.00,5.00,M,170.00,0.00
WMC,2023-05-11 13:56,-117.8072,40.9019,30.09,1016.90,38.00,3.00,M,170.00,0.00
WMC,2023-05-11 14:56,-117.8072,40.9019,30.10,1017.30,50.00,0.00,M,0.00,0.00
WMC,2023-05-11 15:56,-117.8072,40.9019,30.11,1017.40,55.00,3.00,M,M,0.00
WMC,2023-05-11 16:56,-117.8072,40.9019,30.10,1017.00,61.00,5.00,M,10.00,0.00
WMC,2023-05-11 17:56,-117.8072,40.9019,30.09,1016.80,64.00,4.00,M,M,0.00
WMC,2023-05-11 18:56,-117.8072,40.9019,30.08,1016.50,67.00,0.00,M,0.00,0.00
WMC,2023-05-11 19:56,-117.8072,40.9019,30.08,1016.20,67.00,4.00,M,M,0.00
WMC,2023-05-11 20:56,-117.8072,40.9019,30.07,1016.40,69.00,M,M,M,0.00
WMC,2023-05-11 21:56,-117.8072,40.9019,30.06,1016.00,68.00,M,M,M,0.00
WMC,2023-05-11 22:56,-117.8072,40.9019,30.06,1015.70,69.00,7.00,M,360.00,0.00
WMC,2023-05-11 23:56,-117.8072,40.9019,30.06,1016.00,69.00,6.00,M,350.00,0.00
WMC,2023-05-12 00:56,-117.8072,40.9019,30.06,1016.30,67.00,5.00,M,340.00,0.00
WMC,2023-05-12 01:56,-117.8072,40.9019,30.06,1016.00,68.00,7.00,M,20.00,0.00
WMC,2023-05-12 02:56,-117.8072,40.9019,30.08,1016.10,61.00,5.00,M,360.00,0.00
WMC,2023-05-12 03:56,-117.8072,40.9019,30.09,1016.80,54.00,3.00,M,350.00,0.00
WMC,2023-05-12 04:56,-117.8072,40.9019,30.11,1017.90,45.00,5.00,M,270.00,0.00
WMC,2023-05-12 05:56,-117.8072,40.9019,30.12,1017.20,53.00,5.00,M,30.00,0.00
WMC,2023-05-12 06:56,-117.8072,40.9019,30.12,1016.90,55.00,8.00,M,50.00,0.00
WMC,2023-05-12 07:56,-117.8072,40.9019,30.13,1017.20,54.00,8.00,M,40.00,0.00
WMC,2023-05-12 08:56,-117.8072,40.9019,30.14,1017.90,46.00,4.00,M,350.00,0.00
WMC,2023-05-12 09:56,-117.8072,40.9019,30.14,1017.90,51.00,7.00,M,40.00,0.00
WMC,2023-05-12 10:56,-117.8072,40.9019,30.15,1018.00,52.00,8.00,M,50.00,0.00
WMC,2023-05-12 11:56,-117.8072,40.9019,30.17,1019.10,45.00,4.00,M,340.00,0.00
WMC,2023-05-12 12:56,-117.8072,40.9019,30.18,1020.20,38.00,3.00,M,150.00,0.00
WMC,2023-05-12 13:56,-117.8072,40.9019,30.20,1020.10,46.00,0.00,M,0.00,0.00
WMC,2023-05-12 14:56,-117.8072,40.9019,30.21,1020.20,54.00,4.00,M,M,0.00
WMC,2023-05-12 15:56,-117.8072,40.9019,30.22,1020.60,62.00,11.00,M,40.00,0.00
WMC,2023-05-12 16:56,-117.8072,40.9019,30.22,1021.20,65.00,9.00,M,30.00,0.00
WMC,2023-05-12 17:56,-117.8072,40.9019,30.22,1020.50,69.00,8.00,M,10.00,0.00
WMC,2023-05-12 18:56,-117.8072,40.9019,30.22,1020.00,70.00,10.00,18.00,30.00,0.00
WMC,2023-05-12 19:56,-117.8072,40.9019,30.21,1019.50,72.00,8.00,18.00,40.00,0.00
WMC,2023-05-12 20:56,-117.8072,40.9019,30.19,1019.60,73.00,8.00,20.00,360.00,0.00
WMC,2023-05-12 21:56,-117.8072,40.9019,30.18,1018.80,75.00,11.00,17.00,10.00,0.00
WMC,2023-05-12 22:56,-117.8072,40.9019,30.17,1018.20,76.00,11.00,17.00,20.00,0.00
WMC,2023-05-12 23:56,-117.8072,40.9019,30.16,1018.20,76.00,6.00,M,30.00,0.00
WMC,2023-05-13 00:56,-117.8072,40.9019,30.15,1018.40,76.00,8.00,M,10.00,0.00
WMC,2023-05-13 01:56,-117.8072,40.9019,30.14,1017.90,74.00,7.00,M,20.00,0.00
WMC,2023-05-13 02:56,-117.8072,40.9019,30.15,1018.00,68.00,10.00,M,350.00,0.00
WMC,2023-05-13 03:56,-117.8072,40.9019,30.17,1018.40,62.00,5.00,M,360.00,0.00
WMC,2023-05-13 04:56,-117.8072,40.9019,30.18,1019.00,58.00,7.00,M,30.00,0.00
WMC,2023-05-13 05:56,-117.8072,40.9019,30.19,1018.90,61.00,13.00,20.00,40.00,0.00
WMC,2023-05-13 06:56,-117.8072,40.9019,30.20,1018.80,61.00,15.00,21.00,40.00,0.00
WMC,2023-05-13 07:56,-117.8072,40.9019,30.20,1019.20,57.00,12.00,20.00,40.00,0.00
WMC,2023-05-13 08:56,-117.8072,40.9019,30.20,1019.10,55.00,11.00,M,50.00,0.00
WMC,2023-05-13 09:56,-117.8072,40.9019,30.20,1019.10,55.00,9.00,M,30.00,0.00
WMC,2023-05-13 10:56,-117.8072,40.9019,30.20,1019.20,52.00,5.00,M,330.00,0.00
WMC,2023-05-13 11:56,-117.8072,40.9019,30.20,1019.70,46.00,3.00,M,M,0.00
WMC,2023-05-13 12:56,-117.8072,40.9019,30.21,1019.70,47.00,3.00,M,280.00,0.00
WMC,2023-05-13 13:56,-117.8072,40.9019,30.21,1019.60,55.00,15.00,M,40.00,0.00
WMC,2023-05-13 14:56,-117.8072,40.9019,30.22,1019.90,59.00,11.00,M,60.00,0.00
WMC,2023-05-13 15:56,-117.8072,40.9019,30.21,1019.70,65.00,12.00,M,50.00,0.00
WMC,2023-05-13 16:56,-117.8072,40.9019,30.20,1019.30,69.00,11.00,M,30.00,0.00
WMC,2023-05-13 17:56,-117.8072,40.9019,30.19,1018.30,72.00,M,M,M,0.00
WMC,2023-05-13 18:56,-117.8072,40.9019,30.17,1017.50,74.00,7.00,14.00,40.00,0.00
WMC,2023-05-13 19:56,-117.8072,40.9019,30.14,1016.90,74.00,3.00,17.00,M,0.00
WMC,2023-05-13 20:56,-117.8072,40.9019,30.12,1016.20,74.00,0.00,M,0.00,0.00
WMC,2023-05-13 21:56,-117.8072,40.9019,30.09,1015.10,77.00,11.00,22.00,30.00,0.00
WMC,2023-05-13 22:56,-117.8072,40.9019,30.08,1014.90,78.00,13.00,27.00,60.00,0.00
WMC,2023-05-13 23:56,-117.8072,40.9019,30.07,1015.20,76.00,16.00,26.00,60.00,0.00
WMC,2023-05-14 00:56,-117.8072,40.9019,30.07,1015.30,72.00,20.00,33.00,40.00,0.00
WMC,2023-05-14 01:56,-117.8072,40.9019,30.08,1015.20,70.00,16.00,25.00,30.00,0.00
WMC,2023-05-14 02:56,-117.8072,40.9019,30.08,1015.30,67.00,15.00,24.00,50.00,0.00
WMC,2023-05-14 03:56,-117.8072,40.9019,30.10,1015.80,62.00,10.00,M,30.00,0.00
WMC,2023-05-14 04:56,-117.8072,40.9019,30.10,1015.80,59.00,11.00,M,50.00,0.00
WMC,2023-05-14 05:56,-117.8072,40.9019,30.08,1015.20,56.00,5.00,M,360.00,0.00
WMC,2023-05-14 06:56,-117.8072,40.9019,30.08,1015.00,56.00,9.00,M,10.00,0.00
WMC,2023-05-14 07:56,-117.8072,40.9019,30.07,1014.60,54.00,7.00,M,10.00,0.00
WMC,2023-05-14 08:56,-117.8072,40.9019,30.06,1014.10,56.00,11.00,M,30.00,0.00
WMC,2023-05-14 09:56,-117.8072,40.9019,30.05,1013.60,57.00,9.00,18.00,40.00,0.00
WMC,2023-05-14 10:56,-117.8072,40.9019,30.04,1013.30,56.00,12.00,M,40.00,0.00
WMC,2023-05-14 11:56,-117.8072,40.9019,30.03,1013.40,52.00,3.00,M,M,0.00
WMC,2023-05-14 12:56,-117.8072,40.9019,30.03,1013.40,54.00,12.00,M,40.00,0.00
WMC,2023-05-14 13:56,-117.8072,40.9019,30.05,1014.00,55.00,12.00,M,50.00,0.00
WMC,2023-05-14 14:56,-117.8072,40.9019,30.05,1014.30,57.00,7.00,M,60.00,0.00
WMC,2023-05-14 15:56,-117.8072,40.9019,30.05,1014.40,60.00,M,M,M,0.00
WMC,2023-05-14 16:56,-117.8072,40.9019,30.05,1014.20,62.00,0.00,M,0.00,0.00
WMC,2023-05-14 17:56,-117.8072,40.9019,30.04,1014.20,65.00,4.00,M,70.00,0.00
WMC,2023-05-14 18:56,-117.8072,40.9019,30.05,1014.30,66.00,0.00,M,0.00,0.00
WMC,2023-05-14 19:56,-117.8072,40.9019,30.05,1014.40,67.00,9.00,20.00,210.00,0.00
WMC,2023-05-14 20:56,-117.8072,40.9019,30.03,1013.40,69.00,4.00,M,30.00,0.00
WMC,2023-05-14 21:56,-117.8072,40.9019,30.02,1012.90,72.00,3.00,M,M,T
WMC,2023-05-14 22:56,-117.8072,40.9019,30.02,1012.90,71.00,6.00,M,140.00,T
WMC,2023-05-14 23:42,-117.8072,40.9019,30.02,M,73.00,M,M,M,0.00
WMC,2023-05-14 23:56,-117.8072,40.9019,30.03,1013.30,73.00,11.00,20.00,350.00,0.00
WMC,2023-05-15 00:29,-117.8072,40.9019,30.03,M,69.00,18.00,24.00,40.00,0.00
WMC,2023-05-15 00:56,-117.8072,40.9019,30.03,1013.70,69.00,15.00,26.00,40.00,0.00
WMC,2023-05-15 01:56,-117.8072,40.9019,30.05,1014.40,65.00,15.00,25.00,50.00,0.00
WMC,2023-05-15 02:46,-117.8072,40.9019,30.08,M,64.00,19.00,30.00,140.00,0.00
WMC,2023-05-15 02:56,-117.8072,40.9019,30.08,1015.60,63.00,27.00,36.00,140.00,0.00
WMC,2023-05-15 03:12,-117.8072,40.9019,30.10,M,61.00,21.00,40.00,150.00,0.00
WMC,2023-05-15 03:32,-117.8072,40.9019,30.13,M,61.00,11.00,27.00,170.00,T
WMC,2023-05-15 03:56,-117.8072,40.9019,30.13,1017.60,57.00,15.00,M,150.00,T
WMC,2023-05-15 04:56,-117.8072,40.9019,30.15,1018.20,56.00,9.00,M,180.00,T
WMC,2023-05-15 05:56,-117.8072,40.9019,30.16,1018.00,59.00,13.00,19.00,190.00,0.00
WMC,2023-05-15 06:56,-117.8072,40.9019,30.17,1018.40,57.00,6.00,M,150.00,0.00
WMC,2023-05-15 07:56,-117.8072,40.9019,30.18,1018.90,55.00,6.00,M,210.00,0.00
WMC,2023-05-15 08:56,-117.8072,40.9019,30.18,1018.90,51.00,6.00,M,220.00,0.00
WMC,2023-05-15 09:56,-117.8072,40.9019,30.17,1018.60,51.00,3.00,M,70.00,0.00
WMC,2023-05-15 10:56,-117.8072,40.9019,30.17,1019.10,45.00,6.00,M,130.00,0.00
WMC,2023-05-15 11:56,-117.8072,40.9019,30.18,1019.10,46.00,4.00,M,100.00,0.00
WMC,2023-05-15 12:56,-117.8072,40.9019,30.19,1020.00,44.00,6.00,M,160.00,0.00
WMC,2023-05-15 13:56,-117.8072,40.9019,30.21,1020.70,48.00,5.00,M,140.00,0.00
WMC,2023-05-15 14:56,-117.8072,40.9019,30.22,1020.50,58.00,8.00,M,60.00,0.00
WMC,2023-05-15 15:56,-117.8072,40.9019,30.23,1020.80,62.00,7.00,M,70.00,0.00
WMC,2023-05-15 16:56,-117.8072,40.9019,30.23,1020.40,67.00,3.00,M,M,0.00
WMC,2023-05-15 17:56,-117.8072,40.9019,30.22,1019.90,68.00,7.00,M,140.00,0.00
WMC,2023-05-15 18:56,-117.8072,40.9019,30.21,1019.40,74.00,3.00,M,M,0.00
WMC,2023-05-15 19:56,-117.8072,40.9019,30.21,1019.10,78.00,M,M,M,0.00
WMC,2023-05-15 20:56,-117.8072,40.9019,30.19,1018.80,77.00,13.00,21.00,250.00,0.00
WMC,2023-05-15 21:56,-117.8072,40.9019,30.18,1018.30,79.00,14.00,22.00,260.00,0.00
WMC,2023-05-15 22:56,-117.8072,40.9019,30.16,1017.80,81.00,7.00,M,240.00,0.00
WMC,2023-05-15 23:56,-117.8072,40.9019,30.15,1017.70,77.00,11.00,18.00,150.00,0.00
WMC,2023-05-16 00:56,-117.8072,40.9019,30.13,1017.30,79.00,7.00,M,220.00,0.00
WMC,2023-05-16 01:56,-117.8072,40.9019,30.13,1017.50,72.00,6.00,M,230.00,0.00
WMC,2023-05-16 02:56,-117.8072,40.9019,30.15,1017.80,66.00,5.00,M,290.00,0.00
WMC,2023-05-16 03:56,-117.8072,40.9019,30.17,1018.80,57.00,5.00,M,140.00,0.00
WMC,2023-05-16 04:56,-117.8072,40.9019,30.20,1019.30,59.00,0.00,M,0.00,0.00
WMC,2023-05-16 05:56,-117.8072,40.9019,30.21,1020.10,51.00,5.00,M,170.00,0.00
WMC,2023-05-16 06:56,-117.8072,40.9019,30.22,1019.70,54.00,0.00,M,0.00,0.00
WMC,2023-05-16 07:56,-117.8072,40.9019,30.23,1019.60,58.00,4.00,M,30.00,0.00
WMC,2023-05-16 08:56,-117.8072,40.9019,30.22,1019.30,60.00,5.00,M,50.00,0.00
WMC,2023-05-16 09:56,-117.8072,40.9019,30.22,1020.00,49.00,0.00,M,0.00,0.00
WMC,2023-05-16 10:56,-117.8072,40.9019,30.22,1020.00,46.00,4.00,M,170.00,0.00
WMC,2023-05-16 11:56,-117.8072,40.9019,30.23,1020.70,43.00,6.00,M,140.00,0.00
WMC,2023-05-16 12:56,-117.8072,40.9019,30.23,1020.60,44.00,5.00,M,160.00,0.00
WMC,2023-05-16 13:56,-117.8072,40.9019,30.24,1020.80,52.00,4.00,M,150.00,0.00
WMC,2023-05-16 14:56,-117.8072,40.9019,30.24,1020.60,62.00,8.00,M,60.00,0.00
WMC,2023-05-16 15:56,-117.8072,40.9019,30.23,1020.70,67.00,8.00,M,50.00,0.00
WMC,2023-05-16 16:56,-117.8072,40.9019,30.22,1019.80,72.00,6.00,M,70.00,0.00
WMC,2023-05-16 17:56,-117.8072,40.9019,30.21,1019.50,76.00,4.00,M,M,0.00
WMC,2023-05-16 18:56,-117.8072,40.9019,30.19,1018.60,79.00,8.00,14.00,280.00,0.00
WMC,2023-05-16 19:56,-117.8072,40.9019,30.16,1017.20,81.00,16.00,21.00,260.00,0.00
WMC,2023-05-16 20:56,-117.8072,40.9019,30.14,1016.10,82.00,13.00,20.00,280.00,0.00
WMC,2023-05-16 21:56,-117.8072,40.9019,30.12,1016.00,82.00,9.00,M,270.00,0.00
WMC,2023-05-16 22:56,-117.8072,40.9019,30.09,1015.20,83.00,11.00,21.00,270.00,0.00
WMC,2023-05-16 23:56,-117.8072,40.9019,30.07,1014.70,83.00,5.00,M,270.00,0.00
WMC,2023-05-17 00:56,-117.8072,40.9019,30.06,1014.50,82.00,10.00,M,260.00,0.00
WMC,2023-05-17 01:56,-117.8072,40.9019,30.05,1013.70,80.00,7.00,M,350.00,0.00
WMC,2023-05-17 02:56,-117.8072,40.9019,30.06,1013.90,73.00,5.00,M,10.00,0.00
WMC,2023-05-17 03:56,-117.8072,40.9019,30.08,1015.00,60.00,0.00,M,0.00,0.00
WMC,2023-05-17 04:56,-117.8072,40.9019,30.09,1015.30,55.00,0.00,M,0.00,0.00
WMC,2023-05-17 05:56,-117.8072,40.9019,30.08,1015.30,49.00,6.00,M,160.00,0.00
WMC,2023-05-17 06:56,-117.8072,40.9019,30.09,1015.00,52.00,6.00,M,130.00,0.00
WMC,2023-05-17 07:56,-117.8072,40.9019,30.10,1015.40,51.00,5.00,M,M,0.00
WMC,2023-05-17 08:56,-117.8072,40.9019,30.09,1015.40,48.00,4.00,M,210.00,0.00
WMC,2023-05-17 09:56,-117.8072,40.9019,30.08,1015.10,46.00,5.00,M,310.00,0.00
WMC,2023-05-17 10:56,-117.8072,40.9019,30.09,1015.40,43.00,0.00,M,0.00,0.00
WMC,2023-05-17 11:56,-117.8072,40.9019,30.09,1015.40,43.00,3.00,M,170.00,0.00
WMC,2023-05-17 12:56,-117.8072,40.9019,30.09,1015.80,42.00,6.00,M,150.00,0.00
WMC,2023-05-17 13:56,-117.8072,40.9019,30.10,1015.70,47.00,0.00,M,0.00,0.00
WMC,2023-05-17 14:56,-117.8072,40.9019,30.11,1015.90,57.00,0.00,M,0.00,0.00
WMC,2023-05-17 15:56,-117.8072,40.9019,30.09,1015.50,66.00,0.00,M,0.00,0.00
WMC,2023-05-17 16:56,-117.8072,40.9019,30.08,1014.80,72.00,3.00,M,M,0.00
WMC,2023-05-17 17:56,-117.8072,40.9019,30.06,1014.60,76.00,0.00,M,0.00,0.00
WMC,2023-05-17 18:56,-117.8072,40.9019,30.05,1013.50,81.00,11.00,M,260.00,0.00
WMC,2023-05-17 19:56,-117.8072,40.9019,30.02,1012.70,81.00,8.00,16.00,270.00,0.00
WMC,2023-05-17 20:56,-117.8072,40.9019,30.00,1012.10,81.00,M,M,M,0.00
WMC,2023-05-17 21:56,-117.8072,40.9019,29.98,1011.30,83.00,5.00,M,M,0.00
WMC,2023-05-17 22:56,-117.8072,40.9019,29.96,1010.90,83.00,5.00,15.00,M,0.00
WMC,2023-05-17 23:56,-117.8072,40.9019,29.94,1010.40,83.00,9.00,M,290.00,0.00
WMC,2023-05-18 00:56,-117.8072,40.9019,29.93,1010.10,83.00,9.00,18.00,280.00,0.00
WMC,2023-05-18 01:56,-117.8072,40.9019,29.93,1009.80,80.00,5.00,M,340.00,0.00
WMC,2023-05-18 02:56,-117.8072,40.9019,29.94,1010.00,72.00,0.00,M,0.00,0.00
WMC,2023-05-18 03:56,-117.8072,40.9019,29.95,1010.30,65.00,3.00,M,110.00,0.00
WMC,2023-05-18 04:56,-117.8072,40.9019,29.97,1010.50,68.00,10.00,M,40.00,0.00
WMC,2023-05-18 05:56,-117.8072,40.9019,29.98,1010.50,68.00,11.00,M,50.00,0.00
WMC,2023-05-18 06:56,-117.8072,40.9019,29.99,1010.60,67.00,9.00,M,60.00,0.00
WMC,2023-05-18 07:56,-117.8072,40.9019,29.99,1010.80,64.00,8.00,17.00,60.00,0.00
WMC,2023-05-18 08:56,-117.8072,40.9019,30.00,1011.40,56.00,5.00,M,110.00,0.00
WMC,2023-05-18 09:56,-117.8072,40.9019,30.00,1012.00,48.00,6.00,M,160.00,0.00
WMC,2023-05-18 10:56,-117.8072,40.9019,30.01,1012.20,51.00,6.00,M,130.00,0.00
WMC,2023-05-18 11:56,-117.8072,40.9019,30.01,1012.50,47.00,4.00,M,140.00,0.00
WMC,2023-05-18 12:56,-117.8072,40.9019,30.01,1012.60,47.00,3.00,M,130.00,0.00
WMC,2023-05-18 13:56,-117.8072,40.9019,30.03,1012.90,53.00,4.00,M,160.00,0.00
WMC,2023-05-18 14:56,-117.8072,40.9019,30.04,1013.10,61.00,0.00,M,0.00,0.00
WMC,2023-05-18 15:56,-117.8072,40.9019,30.04,1013.40,68.00,3.00,M,20.00,0.00
WMC,2023-05-18 16:56,-117.8072,40.9019,30.05,1012.90,73.00,0.00,M,0.00,0.00
WMC,2023-05-18 17:56,-117.8072,40.9019,30.05,1012.80,77.00,3.00,M,M,0.00
WMC,2023-05-18 18:56,-117.8072,40.9019,30.04,1012.30,80.00,0.00,M,0.00,0.00
WMC,2023-05-18 19:56,-117.8072,40.9019,30.03,1012.00,82.00,6.00,M,220.00,0.00
WMC,2023-05-18 20:56,-117.8072,40.9019,30.03,1012.40,82.00,7.00,M,10.00,0.00
WMC,2023-05-18 21:56,-117.8072,40.9019,30.01,1012.30,85.00,7.00,M,300.00,0.00
WMC,2023-05-18 22:56,-117.8072,40.9019,30.00,1011.90,83.00,4.00,M,300.00,0.00
WMC,2023-05-18 23:56,-117.8072,40.9019,29.99,1011.80,85.00,4.00,M,320.00,0.00
WMC,2023-05-19 00:56,-117.8072,40.9019,29.99,1011.70,85.00,12.00,16.00,30.00,0.00
WMC,2023-05-19 01:56,-117.8072,40.9019,30.00,1012.10,80.00,9.00,M,40.00,0.00
WMC,2023-05-19 02:56,-117.8072,40.9019,30.01,1012.10,75.00,6.00,M,60.00,0.00
WMC,2023-05-19 03:56,-117.8072,40.9019,30.03,1012.70,69.00,5.00,M,50.00,0.00
WMC,2023-05-19 04:56,-117.8072,40.9019,30.05,1013.10,70.00,12.00,M,40.00,0.00
WMC,2023-05-19 05:56,-117.8072,40.9019,30.07,1013.30,68.00,9.00,M,60.00,0.00
WMC,2023-05-19 06:56,-117.8072,40.9019,30.08,1013.70,67.00,13.00,M,50.00,0.00
WMC,2023-05-19 07:56,-117.8072,40.9019,30.08,1013.70,64.00,12.00,22.00,50.00,0.00
WMC,2023-05-19 08:56,-117.8072,40.9019,30.08,1014.10,61.00,11.00,M,70.00,0.00
WMC,2023-05-19 09:56,-117.8072,40.9019,30.08,1013.80,63.00,11.00,M,70.00,0.00
WMC,2023-05-19 10:56,-117.8072,40.9019,30.09,1014.90,53.00,6.00,M,110.00,0.00
WMC,2023-05-19 11:56,-117.8072,40.9019,30.10,1015.00,52.00,5.00,M,100.00,0.00
WMC,2023-05-19 12:56,-117.8072,40.9019,30.12,1015.40,54.00,5.00,M,120.00,0.00
WMC,2023-05-19 13:56,-117.8072,40.9019,30.14,1016.60,54.00,5.00,M,140.00,0.00
WMC,2023-05-19 14:56,-117.8072,40.9019,30.14,1016.50,65.00,9.00,M,60.00,0.00
WMC,2023-05-19 15:56,-117.8072,40.9019,30.15,1016.70,71.00,9.00,M,60.00,0.00
WMC,2023-05-19 16:56,-117.8072,40.9019,30.15,1016.30,76.00,9.00,M,40.00,0.00
WMC,2023-05-19 17:56,-117.8072,40.9019,30.15,1016.20,80.00,8.00,M,10.00,0.00
WMC,2023-05-19 18:56,-117.8072,40.9019,30.14,1015.60,83.00,9.00,14.00,20.00,0.00
WMC,2023-05-19 19:56,-117.8072,40.9019,30.13,1015.50,84.00,4.00,M,M,0.00
WMC,2023-05-19 20:56,-117.8072,40.9019,30.12,1015.20,86.00,6.00,M,60.00,0.00
WMC,2023-05-19 21:56,-117.8072,40.9019,30.11,1014.60,87.00,6.00,M,360.00,0.00
WMC,2023-05-19 22:56,-117.8072,40.9019,30.10,1014.90,87.00,M,M,M,0.00
WMC,2023-05-19 23:56,-117.8072,40.9019,30.09,1014.50,86.00,9.00,M,40.00,0.00
WMC,2023-05-20 00:56,-117.8072,40.9019,30.07,1014.00,86.00,6.00,M,50.00,0.00
WMC,2023-05-20 01:56,-117.8072,40.9019,30.07,1014.10,83.00,7.00,M,30.00,0.00
WMC,2023-05-20 02:56,-117.8072,40.9019,30.08,1014.10,77.00,7.00,M,50.00,0.00
WMC,2023-05-20 03:56,-117.8072,40.9019,30.10,1014.40,74.00,6.00,M,50.00,0.00
WMC,2023-05-20 04:56,-117.8072,40.9019,30.11,1015.30,63.00,0.00,M,0.00,0.00
WMC,2023-05-20 05:56,-117.8072,40.9019,30.12,1015.30,63.00,0.00,M,0.00,0.00
WMC,2023-05-20 06:56,-117.8072,40.9019,30.12,1015.40,59.00,3.00,M,150.00,0.00
WMC,2023-05-20 07:56,-117.8072,40.9019,30.12,1015.60,58.00,7.00,M,120.00,0.00
WMC,2023-05-20 08:56,-117.8072,40.9019,30.13,1015.50,60.00,6.00,M,70.00,0.00
WMC,2023-05-20 09:56,-117.8072,40.9019,30.13,1016.00,53.00,4.00,M,80.00,0.00
WMC,2023-05-20 10:56,-117.8072,40.9019,30.13,1015.80,55.00,3.00,M,30.00,0.00
WMC,2023-05-20 11:56,-117.8072,40.9019,30.14,1016.70,47.00,4.00,M,170.00,0.00
WMC,2023-05-20 12:56,-117.8072,40.9019,30.15,1017.20,46.00,4.00,M,150.00,0.00
WMC,2023-05-20 13:56,-117.8072,40.9019,30.17,1017.60,55.00,0.00,M,0.00,0.00
WMC,2023-05-20 14:56,-117.8072,40.9019,30.18,1017.40,66.00,7.00,M,40.00,0.00
WMC,2023-05-20 15:56,-117.8072,40.9019,30.18,1017.20,71.00,8.00,M,70.00,0.00
WMC,2023-05-20 16:56,-117.8072,40.9019,30.16,1017.20,76.00,7.00,M,70.00,0.00
WMC,2023-05-20 17:56,-117.8072,40.9019,30.16,1016.70,81.00,7.00,M,50.00,0.00
WMC,2023-05-20 18:56,-117.8072,40.9019,30.14,1016.20,84.00,3.00,M,M,0.00
WMC,2023-05-20 19:56,-117.8072,40.9019,30.13,1015.70,87.00,6.00,M,290.00,0.00
WMC,2023-05-20 20:56,-117.8072,40.9019,30.12,1014.90,88.00,9.00,M,340.00,0.00
WMC,2023-05-20 21:56,-117.8072,40.9019,30.10,1014.60,90.00,9.00,16.00,360.00,0.00
WMC,2023-05-20 22:56,-117.8072,40.9019,30.07,1013.50,90.00,9.00,M,30.00,0.00
WMC,2023-05-20 23:56,-117.8072,40.9019,30.06,1013.70,89.00,9.00,M,40.00,0.00
WMC,2023-05-21 00:56,-117.8072,40.9019,30.05,1013.30,89.00,6.00,M,20.00,0.00
WMC,2023-05-21 01:56,-117.8072,40.9019,30.05,1013.40,82.00,14.00,M,350.00,0.00
WMC,2023-05-21 02:56,-117.8072,40.9019,30.06,1013.50,76.00,5.00,M,50.00,0.00
WMC,2023-05-21 03:56,-117.8072,40.9019,30.08,1014.10,73.00,7.00,20.00,340.00,0.00
WMC,2023-05-21 04:56,-117.8072,40.9019,30.10,1014.70,66.00,3.00,M,M,0.00
WMC,2023-05-21 05:56,-117.8072,40.9019,30.12,1015.00,71.00,11.00,M,310.00,0.00
WMC,2023-05-21 06:56,-117.8072,40.9019,30.13,1015.40,65.00,3.00,M,230.00,0.00
WMC,2023-05-21 07:56,-117.8072,40.9019,30.13,1015.20,64.00,3.00,M,260.00,0.00
WMC,2023-05-21 08:56,-117.8072,40.9019,30.12,1015.10,60.00,3.00,M,260.00,0.00
WMC,2023-05-21 09:56,-117.8072,40.9019,30.12,1014.80,59.00,10.00,M,290.00,0.00
WMC,2023-05-21 10:56,-117.8072,40.9019,30.13,1015.80,54.00,0.00,M,0.00,0.00
WMC,2023-05-21 11:56,-117.8072,40.9019,30.13,1015.70,54.00,4.00,M,80.00,0.00
WMC,2023-05-21 12:56,-117.8072,40.9019,30.11,1015.50,49.00,6.00,M,160.00,0.00
WMC,2023-05-21 13:56,-117.8072,40.9019,30.12,1015.70,57.00,0.00,M,0.00,0.00
WMC,2023-05-21 14:56,-117.8072,40.9019,30.12,1015.40,65.00,3.00,M,110.00,0.00
WMC,2023-05-21 15:56,-117.8072,40.9019,30.11,1015.00,72.00,0.00,M,0.00,0.00
WMC,2023-05-21 16:56,-117.8072,40.9019,30.11,1014.90,77.00,4.00,M,40.00,0.00
WMC,2023-05-21 17:56,-117.8072,40.9019,30.10,1014.00,80.00,6.00,M,M,0.00
WMC,2023-05-21 18:56,-117.8072,40.9019,30.08,1013.60,83.00,M,M,M,0.00
WMC,2023-05-21 19:56,-117.8072,40.9019,30.05,1012.80,84.00,3.00,M,310.00,0.00
WMC,2023-05-21 20:56,-117.8072,40.9019,30.02,1011.60,86.00,0.00,M,0.00,0.00
WMC,2023-05-21 21:56,-117.8072,40.9019,29.99,1010.50,89.00,M,M,M,0.00
WMC,2023-05-21 22:49,-117.8072,40.9019,29.97,M,88.00,7.00,M,200.00,0.00
WMC,2023-05-21 22:56,-117.8072,40.9019,29.97,1010.20,88.00,6.00,M,290.00,0.00
WMC,2023-05-21 23:15,-117.8072,40.9019,29.98,M,78.00,23.00,37.00,190.00,0.00
WMC,2023-05-21 23:22,-117.8072,40.9019,29.98,M,76.00,17.00,36.00,170.00,0.00
WMC,2023-05-21 23:56,-117.8072,40.9019,29.99,1011.70,77.00,15.00,22.00,200.00,0.00
WMC,2023-05-22 00:56,-117.8072,40.9019,29.98,1011.80,75.00,14.00,M,160.00,0.00
WMC,2023-05-22 01:11,-117.8072,40.9019,29.98,M,75.00,12.00,18.00,140.00,0.00
WMC,2023-05-22 01:18,-117.8072,40.9019,29.99,M,74.00,5.00,17.00,180.00,0.00
WMC,2023-05-22 01:33,-117.8072,40.9019,30.00,M,75.00,11.00,M,320.00,0.00
WMC,2023-05-22 01:56,-117.8072,40.9019,30.01,1012.50,70.00,4.00,M,350.00,0.02
WMC,2023-05-22 02:20,-117.8072,40.9019,30.02,M,69.00,8.00,M,300.00,T
WMC,2023-05-22 02:35,-117.8072,40.9019,30.05,M,68.00,14.00,22.00,330.00,T
WMC,2023-05-22 02:56,-117.8072,40.9019,30.06,1014.30,65.00,15.00,24.00,350.00,T
WMC,2023-05-22 03:56,-117.8072,40.9019,30.10,1015.20,64.00,11.00,M,150.00,T
WMC,2023-05-22 04:56,-117.8072,40.9019,30.10,1014.90,60.00,13.00,M,150.00,T
WMC,2023-05-22 05:07,-117.8072,40.9019,30.10,M,61.00,6.00,M,M,T
WMC,2023-05-22 05:56,-117.8072,40.9019,30.06,1013.30,63.00,4.00,M,50.00,T
WMC,2023-05-22 06:56,-117.8072,40.9019,30.05,1012.80,59.00,M,M,M,0.00
WMC,2023-05-22 07:56,-117.8072,40.9019,30.04,1012.60,57.00,8.00,M,190.00,0.00
WMC,2023-05-22 08:56,-117.8072,40.9019,30.05,1013.10,54.00,4.00,M,270.00,0.00
WMC,2023-05-22 09:56,-117.8072,40.9019,30.03,1012.40,50.00,5.00,M,200.00,0.00
WMC,2023-05-22 10:56,-117.8072,40.9019,30.03,1012.40,51.00,0.00,M,0.00,0.00
WMC,2023-05-22 11:56,-117.8072,40.9019,30.03,1013.40,49.00,0.00,M,0.00,0.00
WMC,2023-05-22 12:56,-117.8072,40.9019,30.04,1013.90,46.00,3.00,M,190.00,0.00
WMC,2023-05-22 13:56,-117.8072,40.9019,30.04,1014.10,53.00,0.00,M,0.00,0.00
WMC,2023-05-22 14:56,-117.8072,40.9019,30.04,1013.90,61.00,3.00,M,190.00,0.00
WMC,2023-05-22 15:56,-117.8072,40.9019,30.04,1013.50,67.00,3.00,M,300.00,0.00
WMC,2023-05-22 16:56,-117.8072,40.9019,30.03,1013.10,71.00,0.00,M,0.00,0.00
WMC,2023-05-22 17:56,-117.8072,40.9019,30.02,1012.30,75.00,9.00,M,260.00,0.00
WMC,2023-05-22 18:56,-117.8072,40.9019,30.00,1011.70,78.00,12.00,17.00,250.00,0.00
WMC,2023-05-22 19:56,-117.8072,40.9019,29.98,1011.00,80.00,8.00,M,250.00,0.00
WMC,2023-05-22 20:56,-117.8072,40.9019,29.97,1010.60,82.00,11.00,M,300.00,0.00
WMC,2023-05-22 21:56,-117.8072,40.9019,29.94,1010.00,81.00,M,M,M,0.00
WMC,2023-05-22 22:56,-117.8072,40.9019,29.92,1009.10,82.00,0.00,M,0.00,0.00
WMC,2023-05-22 23:56,-117.8072,40.9019,29.91,1008.70,83.00,M,M,M,0.00
WMC,2023-05-23 00:56,-117.8072,40.9019,29.91,1009.10,79.00,10.00,M,10.00,0.00
WMC,2023-05-23 01:56,-117.8072,40.9019,29.90,1008.80,77.00,9.00,M,360.00,0.00
WMC,2023-05-23 02:56,-117.8072,40.9019,29.92,1009.10,73.00,9.00,M,10.00,0.00
WMC,2023-05-23 03:56,-117.8072,40.9019,29.93,1009.50,67.00,11.00,22.00,10.00,0.00
WMC,2023-05-23 04:56,-117.8072,40.9019,29.95,1009.90,66.00,16.00,23.00,40.00,0.00
WMC,2023-05-23 05:56,-117.8072,40.9019,29.97,1010.50,63.00,9.00,M,10.00,0.00
WMC,2023-05-23 06:56,-117.8072,40.9019,29.98,1010.70,59.00,3.00,M,M,0.00
WMC,2023-05-23 07:56,-117.8072,40.9019,29.98,1010.70,58.00,3.00,M,360.00,0.00
WMC,2023-05-23 08:56,-117.8072,40.9019,29.97,1010.50,57.00,5.00,M,M,0.00
WMC,2023-05-23 09:56,-117.8072,40.9019,29.96,1010.50,52.00,3.00,M,M,0.00
WMC,2023-05-23 10:56,-117.8072,40.9019,29.96,1010.60,52.00,4.00,M,80.00,0.00
WMC,2023-05-23 11:56,-117.8072,40.9019,29.96,1010.90,47.00,4.00,M,260.00,0.00
WMC,2023-05-23 12:56,-117.8072,40.9019,29.96,1011.10,46.00,3.00,M,330.00,0.00
WMC,2023-05-23 13:56,-117.8072,40.9019,29.95,1010.60,50.00,0.00,M,0.00,0.00
WMC,2023-05-23 14:56,-117.8072,40.9019,29.96,1010.80,57.00,4.00,M,160.00,0.00
WMC,2023-05-23 15:56,-117.8072,40.9019,29.96,1010.60,62.00,3.00,M,M,0.00
WMC,2023-05-23 16:56,-117.8072,40.9019,29.94,1009.90,68.00,3.00,M,80.00,0.00
WMC,2023-05-23 17:56,-117.8072,40.9019,29.93,1009.30,71.00,3.00,M,M,0.00
WMC,2023-05-23 18:56,-117.8072,40.9019,29.92,1009.20,73.00,5.00,M,360.00,0.00
WMC,2023-05-23 19:56,-117.8072,40.9019,29.90,1008.30,75.00,5.00,M,300.00,0.00
WMC,2023-05-23 20:56,-117.8072,40.9019,29.86,1007.00,79.00,M,M,M,0.00
WMC,2023-05-23 21:56,-117.8072,40.9019,29.85,1006.80,80.00,10.00,23.00,340.00,0.00
WMC,2023-05-23 22:56,-117.8072,40.9019,29.84,1006.70,78.00,12.00,18.00,320.00,0.00
WMC,2023-05-23 23:56,-117.8072,40.9019,29.83,1006.50,76.00,7.00,M,340.00,0.00
WMC,2023-05-24 00:56,-117.8072,40.9019,29.82,1006.40,77.00,9.00,M,20.00,0.00
WMC,2023-05-24 01:56,-117.8072,40.9019,29.83,1006.50,74.00,7.00,M,20.00,0.00
WMC,2023-05-24 02:56,-117.8072,40.9019,29.88,1008.20,66.00,18.00,29.00,230.00,T
WMC,2023-05-24 03:07,-117.8072,40.9019,29.88,M,67.00,0.00,M,0.00,T
WMC,2023-05-24 03:56,-117.8072,40.9019,29.91,1009.50,62.00,11.00,M,320.00,T
WMC,2023-05-24 04:56,-117.8072,40.9019,29.94,1010.00,60.00,11.00,22.00,320.00,T
WMC,2023-05-24 05:56,-117.8072,40.9019,29.94,1009.80,60.00,9.00,M,30.00,T
WMC,2023-05-24 06:56,-117.8072,40.9019,29.94,1009.80,59.00,6.00,M,30.00,0.00
WMC,2023-05-24 07:56,-117.8072,40.9019,29.92,1009.30,57.00,8.00,M,30.00,0.00
WMC,2023-05-24 08:56,-117.8072,40.9019,29.93,1009.50,53.00,3.00,M,M,0.00
WMC,2023-05-24 09:56,-117.8072,40.9019,29.92,1009.70,46.00,0.00,M,0.00,0.00
WMC,2023-05-24 10:56,-117.8072,40.9019,29.92,1009.90,45.00,0.00,M,0.00,0.00
WMC,2023-05-24 11:56,-117.8072,40.9019,29.93,1010.70,39.00,3.00,M,180.00,0.00
WMC,2023-05-24 12:56,-117.8072,40.9019,29.94,1010.80,40.00,0.00,M,0.00,0.00
WMC,2023-05-24 13:56,-117.8072,40.9019,29.95,1010.50,52.00,0.00,M,0.00,0.00
WMC,2023-05-24 14:56,-117.8072,40.9019,29.95,1010.60,59.00,4.00,M,10.00,0.00
WMC,2023-05-24 15:56,-117.8072,40.9019,29.94,1010.50,63.00,5.00,M,340.00,0.00
WMC,2023-05-24 16:56,-117.8072,40.9019,29.93,1010.00,66.00,M,M,M,0.00
WMC,2023-05-24 17:56,-117.8072,40.9019,29.92,1009.40,69.00,4.00,M,300.00,0.00
WMC,2023-05-24 18:56,-117.8072,40.9019,29.91,1009.00,70.00,5.00,M,300.00,0.00
WMC,2023-05-24 19:56,-117.8072,40.9019,29.88,1008.00,72.00,5.00,M,330.00,0.00
WMC,2023-05-24 20:56,-117.8072,40.9019,29.86,1007.70,73.00,3.00,M,100.00,0.00
WMC,2023-05-24 21:56,-117.8072,40.9019,29.84,1007.40,72.00,7.00,M,30.00,0.00
WMC,2023-05-24 22:30,-117.8072,40.9019,29.86,M,68.00,7.00,17.00,40.00,T
WMC,2023-05-24 22:56,-117.8072,40.9019,29.88,1009.60,63.00,8.00,17.00,110.00,T
WMC,2023-05-24 23:39,-117.8072,40.9019,29.93,M,58.00,15.00,23.00,200.00,T
WMC,2023-05-24 23:48,-117.8072,40.9019,29.94,M,55.00,12.00,24.00,200.00,T
WMC,2023-05-24 23:56,-117.8072,40.9019,29.94,1012.60,55.00,12.00,20.00,200.00,0.01
